payment_id,customer,txn_date,amount,applied_doc_number
PMT-50001,Customer 006,2025-01-21,1076.15,INV-10032
PMT-50002,Customer 003,2025-01-22,9157.61,INV-10002
PMT-50003,Customer 026,2025-01-24,4040.54,INV-10011
PMT-50004,Customer 001,2025-01-25,2829.64,INV-10035
PMT-50005,Customer 029,2025-01-26,8988.17,INV-10005
PMT-50006,Customer 022,2025-01-27,2525.31,INV-10001
PMT-50007,Customer 017,2025-01-28,3618.94,INV-10008
PMT-50008,Customer 025,2025-01-30,1760.92,INV-10012
PMT-50009,Customer 039,2025-01-31,1711.61,INV-10007
PMT-50010,Customer 012,2025-01-31,1578.21,INV-10029
PMT-50011,Customer 021,2025-02-07,2981.01,INV-10004
PMT-50012,Customer 026,2025-02-07,4980.93,INV-10041
PMT-50013,Customer 031,2025-02-08,887.95,INV-10043
PMT-50014,Customer 019,2025-02-09,7658.24,INV-10013
PMT-50015,Customer 024,2025-02-10,2242.2,INV-10026
PMT-50016,Customer 032,2025-02-11,6475.98,INV-10006
PMT-50017,Customer 009,2025-02-11,5664.35,INV-10022
PMT-50018,Customer 008,2025-02-12,10776.55,INV-10036
PMT-50019,Customer 027,2025-02-16,362.89,INV-10018
PMT-50020,Customer 023,2025-02-18,2224.82,INV-10009
PMT-50021,Customer 008,2025-02-18,1353.95,INV-10021
PMT-50022,Customer 013,2025-02-19,3313.98,INV-10010
PMT-50023,Customer 014,2025-02-19,6166.7,INV-10020
PMT-50024,Customer 029,2025-02-19,5525.63,INV-10039
PMT-50025,Customer 034,2025-02-19,3829.73,INV-10047
PMT-50026,Customer 037,2025-02-20,7629.36,10030
PMT-50027,Customer 016,2025-02-21,1623.17,INV-10023
PMT-50028,Customer 033,2025-02-21,5636.49,INV-10034
PMT-50029,Customer 002,2025-02-23,3668.81,INV-10031
PMT-50030,Customer 004,2025-02-24,1686.34,INV-10017
PMT-50031,Customer 001,2025-02-24,1896.43,INV-10065
PMT-50032,Customer 039,2025-02-26,1322.93,INV-10055
PMT-50033,Customer 005,2025-02-27,9426.97,INV-10019
PMT-50034,Customer 017,2025-02-27,6863.91,INV-10059
PMT-50035,Customer 038,2025-02-28,2209.3,INV-10016
PMT-50036,Customer 020,2025-02-28,3866.88,INV-10050
PMT-50037,Customer 036,2025-03-01,8837.05,INV-10033
PMT-50038,Customer 018,2025-03-03,6518.56,INV-10024
PMT-50039,Customer 024,2025-03-05,3187.78,INV-10040
PMT-50040,Customer 030,2025-03-06,3541.93,INV-10027
PMT-50041,Customer 030,2025-03-12,5436.05,
PMT-50042,Customer 007,2025-03-12,2423.62,INV-10074
PMT-50043,Customer 037,2025-03-15,6118.8,INV-10088
PMT-50044,Customer 033,2025-03-16,1548.21,INV-10051
PMT-50045,Customer 031,2025-03-16,3028.64,INV-10093
PMT-50046,Customer 009,2025-03-18,5021.02,INV-10044
PMT-50047,Customer 003,2025-03-18,5135.81,INV-10056
PMT-50048,Customer 001,2025-03-18,4924.88,INV-10095
PMT-50049,Customer 040,2025-03-19,1917.46,INV-10058
PMT-50050,Customer 035,2025-03-19,1267.99,INV-10062
PMT-50051,Customer 015,2025-03-19,1570.3,INV-10073
PMT-50052,Customer 020,2025-03-19,1622.41,INV-10084
PMT-50053,Customer 034,2025-03-19,6607.73,INV-10091
PMT-50054,Customer 036,2025-03-20,3673.59,INV-10037
PMT-50055,Customer 017,2025-03-20,7381.45,INV-10076
PMT-50056,Customer 012,2025-03-20,3479.49,INV-10082
PMT-50057,Customer 026,2025-03-20,2317.79,INV-10086
PMT-50058,Customer 027,2025-03-22,3490.41,INV-10038
PMT-50059,Customer 005,2025-03-23,4987.4,INV-10049
PMT-50060,Customer 002,2025-03-24,474.38,INV-10048
PMT-50061,Customer 024,2025-03-24,3707.81,INV-10087
PMT-50062,Customer 010,2025-03-25,8238.87,INV-10068
PMT-50063,Customer 032,2025-03-26,6744.11,INV-10042
PMT-50064,Customer 011,2025-03-27,7587.77,INV-10060
PMT-50065,Customer 018,2025-03-27,3737.45,INV-10067
PMT-50066,Customer 028,2025-03-27,2877.6,INV-10071
PMT-50067,Customer 004,2025-03-29,6700.43,INV-10070
PMT-50068,Customer 030,2025-03-29,3740.74,INV-10295
PMT-50069,Customer 014,2025-03-30,1489.85,INV-10072
PMT-50070,Customer 018,2025-03-31,6357.98,INV-10078
PMT-50071,Customer 037,2025-04-01,2858.26,INV-10054
PMT-50072,Customer 003,2025-04-02,8009.29,INV-10096
PMT-50073,Customer 008,2025-04-06,7622.62,INV-10077
PMT-50074,Customer 010,2025-04-06,3056.3,INV-10097
PMT-50075,Customer 039,2025-04-07,5401.17,10092
PMT-50076,Customer 022,2025-04-08,3380.55,INV-10064
PMT-50077,Customer 009,2025-04-11,6979.47,INV-10075
PMT-50078,Customer 032,2025-04-12,1765.62,INV-10090
PMT-50079,Customer 013,2025-04-13,6439.32,INV-10081
PMT-50080,Customer 016,2025-04-13,9062.5,INV-10089
PMT-50081,Customer 006,2025-04-13,5082.06,INV-10107
PMT-50082,Customer 006,2025-04-15,5097.55,INV-10115
PMT-50083,Customer 028,2025-04-16,3507.35,INV-10080
PMT-50084,Customer 002,2025-04-16,2761.51,INV-10085
PMT-50085,Customer 034,2025-04-17,5780.83,INV-10132
PMT-50086,Customer 001,2025-04-18,5345.69,INV-10116
PMT-50087,Customer 014,2025-04-19,3329.01,INV-10098
PMT-50088,Customer 040,2025-04-20,6704.72,INV-10099
PMT-50089,Customer 019,2025-04-22,2543.86,INV-10083
PMT-50090,Customer 025,2025-04-23,210.99,INV-10113
PMT-50091,Customer 017,2025-04-23,2057.86,INV-10158
PMT-50092,Customer 021,2025-04-24,3839.92,INV-10101
PMT-50093,Customer 003,2025-04-24,1591.59,INV-10114
PMT-50094,Customer 033,2025-04-27,1047.76,INV-10260
PMT-50095,Customer 015,2025-04-28,2367.23,INV-10103
PMT-50096,Customer 017,2025-04-30,9757.31,
PMT-50097,Customer 022,2025-05-01,3157.39,INV-10102
PMT-50098,Customer 035,2025-05-01,3529.92,INV-10105-1
PMT-50099,Customer 018,2025-05-01,4317.18,INV-10112
PMT-50100,Customer 012,2025-05-05,1030.79,INV-10120
PMT-50101,Customer 030,2025-05-05,8820.8,INV-10131
PMT-50102,Customer 031,2025-05-05,6587.97,INV-10134
PMT-50103,Customer 020,2025-05-05,3093.87,INV-10143
PMT-50104,Customer 001,2025-05-06,4136.89,INV-10156
PMT-50105,Customer 036,2025-05-07,5903.69,INV-10106
PMT-50106,Customer 007,2025-05-08,498.13,10140
PMT-50107,Customer 038,2025-05-09,4427.22,INV-10119
PMT-50108,Customer 014,2025-05-11,8511.48,INV-10111
PMT-50109,Customer 016,2025-05-11,7284.97,INV-10117
PMT-50110,Customer 022,2025-05-11,4458.35,INV-10118
PMT-50111,Customer 007,2025-05-13,8535.8,INV-10162
PMT-50112,Customer 036,2025-05-14,4447.65,INV-10122
PMT-50113,Customer 006,2025-05-14,2799.37,INV-10153
PMT-50114,Customer 035,2025-05-15,7278.23,INV-10123
PMT-50115,Customer 024,2025-05-16,9812.62,INV-10125
PMT-50116,Customer 037,2025-05-22,4114.28,INV-10128
PMT-50117,Customer 003,2025-05-22,956.73,INV-10160
PMT-50118,Customer 027,2025-05-23,1113.76,INV-10138
PMT-50119,Customer 002,2025-05-23,5274.01,INV-10146
PMT-50120,Customer 009,2025-05-24,7024.11,INV-10135
PMT-50121,Customer 021,2025-05-24,514.84,INV-10159
PMT-50122,Customer 026,2025-05-24,958.27,INV-10174
PMT-50123,Customer 005,2025-05-26,6033.35,INV-10124
PMT-50124,Customer 019,2025-05-26,10282.74,INV-10147
PMT-50125,Customer 004,2025-05-26,6118.87,INV-10166
PMT-50126,Customer 029,2025-05-27,5695.81,INV-10151
PMT-50127,Customer 039,2025-05-28,8061.07,INV-10145
PMT-50128,Customer 008,2025-05-28,1305.58,INV-10161
PMT-50129,Customer 013,2025-05-29,2511.49,INV-10126
PMT-50130,Customer 004,2025-05-30,1602.07,INV-10139-1
PMT-50131,Customer 011,2025-05-30,1449.1,INV-10141
PMT-50132,Customer 023,2025-05-31,1443.82,INV-10137
PMT-50133,Customer 040,2025-06-01,8904.1,INV-10129
PMT-50134,Customer 020,2025-06-01,6610.02,INV-10186
PMT-50135,Customer 022,2025-06-02,3305.31,INV-10150
PMT-50136,Customer 012,2025-06-04,3884.28,INV-10149
PMT-50137,Customer 006,2025-06-05,5096.62,INV-10188
PMT-50138,Customer 031,2025-06-06,4583.8,INV-10180
PMT-50139,Customer 032,2025-06-07,6434.07,INV-10144
PMT-50140,Customer 033,2025-06-07,1211.73,INV-10148
PMT-50141,Customer 015,2025-06-08,5698.55,INV-10155
PMT-50142,Customer 036,2025-06-08,5284.84,INV-10164-1
PMT-50143,Customer 007,2025-06-09,4688.66,
PMT-50144,Customer 024,2025-06-10,4604.11,INV-10170
PMT-50145,Customer 039,2025-06-12,3606.74,INV-10176
PMT-50146,Customer 031,2025-06-12,3967.22,INV-10202
PMT-50147,Customer 034,2025-06-12,7926.22,INV-10203
PMT-50148,Customer 026,2025-06-13,2228.31,INV-10204
PMT-50149,Customer 011,2025-06-16,5760.84,INV-10169
PMT-50150,Customer 032,2025-06-18,2150.8,INV-10171
PMT-50151,Customer 013,2025-06-19,1659.18,INV-10152
PMT-50152,Customer 014,2025-06-20,5763.9,
PMT-50153,Customer 010,2025-06-20,3925.68,INV-10178
PMT-50154,Customer 040,2025-06-21,3387.35,INV-10172
PMT-50155,Customer 025,2025-06-21,11216.6,INV-10177
PMT-50156,Customer 037,2025-06-22,5205.22,INV-10157
PMT-50157,Customer 023,2025-06-23,3786.22,INV-10182
PMT-50158,Customer 029,2025-06-24,6311.04,INV-10190
PMT-50159,Customer 033,2025-06-25,6529.91,INV-10168
PMT-50160,Customer 005,2025-06-25,5339.16,INV-10175
PMT-50161,Customer 009,2025-06-29,2681.93,INV-10173
PMT-50162,Customer 036,2025-06-30,4781.01,INV-10191
PMT-50163,Customer 037,2025-07-01,1513.27,INV-10195
PMT-50164,Customer 003,2025-07-03,6875.74,
PMT-50165,Customer 008,2025-07-04,6801.85,INV-10193
PMT-50166,Customer 028,2025-07-05,4006.23,
PMT-50167,Customer 005,2025-07-08,3034.26,INV-10187
PMT-50168,Customer 013,2025-07-09,6263.06,INV-10194
PMT-50169,Customer 002,2025-07-10,4731.58,INV-10048
PMT-50170,Customer 012,2025-07-10,2996.41,INV-10198
PMT-50171,Customer 027,2025-07-11,3425.55,INV-10183
PMT-50172,Customer 025,2025-07-12,8101.48,10210
PMT-50173,Customer 034,2025-07-12,3141.18,INV-10236-1
PMT-50174,Customer 021,2025-07-13,6057.54,INV-10206
PMT-50175,Customer 002,2025-07-16,2509.69,INV-10196
PMT-50176,Customer 009,2025-07-16,10934.73,INV-10205
PMT-50177,Customer 010,2025-07-17,6503.43,INV-10213
PMT-50178,Customer 039,2025-07-17,5903.84,INV-10224
PMT-50179,Customer 014,2025-07-19,636.62,INV-10214
PMT-50180,Customer 012,2025-07-20,4645.92,INV-10228
PMT-50181,Customer 033,2025-07-21,1748.5,INV-10207
PMT-50182,Customer 038,2025-07-21,8041.28,INV-10216
PMT-50183,Customer 007,2025-07-21,3159.19,INV-10247
PMT-50184,Customer 011,2025-07-22,3638.89,INV-10201
PMT-50185,Customer 040,2025-07-22,4865.79,INV-10220
PMT-50186,Customer 032,2025-07-25,8059.67,INV-10208
PMT-50187,Customer 015,2025-07-25,5704.86,INV-10217
PMT-50188,Customer 006,2025-07-25,1821.72,INV-10230
PMT-50189,Customer 023,2025-07-26,6945.49,INV-10209
PMT-50190,Customer 017,2025-07-27,5577.74,INV-10244
PMT-50191,Customer 019,2025-07-28,396.23,INV-10219
PMT-50192,Customer 003,2025-07-30,4049.64,INV-10225
PMT-50193,Customer 029,2025-07-31,5078.36,INV-10237
PMT-50194,Customer 035,2025-08-03,645.96,INV-10223
PMT-50195,Customer 016,2025-08-05,826.29,INV-10218
PMT-50196,Customer 030,2025-08-07,7264.69,INV-10211
PMT-50197,Customer 037,2025-08-07,2040.72,INV-10227
PMT-50198,Customer 022,2025-08-08,3864.06,INV-10221
PMT-50199,Customer 015,2025-08-08,1025.93,INV-10241
PMT-50200,Customer 007,2025-08-08,5904.51,INV-10264
PMT-50201,Customer 025,2025-08-09,849.93,INV-10249
PMT-50202,Customer 026,2025-08-09,5658.74,INV-10278
PMT-50203,Customer 008,2025-08-10,7265.21,INV-10239
PMT-50204,Customer 009,2025-08-12,2072.7,INV-10231
PMT-50205,Customer 024,2025-08-13,5902.72,INV-10234
PMT-50206,Customer 040,2025-08-13,4767.59,INV-10235
PMT-50207,Customer 005,2025-08-14,3709.57,INV-10226
PMT-50208,Customer 021,2025-08-15,5624.62,INV-10252
PMT-50209,Customer 032,2025-08-17,185.62,INV-10233
PMT-50210,Customer 006,2025-08-17,3126.01,INV-10282
PMT-50211,Customer 017,2025-08-17,992.38,10283
PMT-50212,Customer 035,2025-08-20,4825.58,INV-10257
PMT-50213,Customer 024,2025-08-20,5894.17,INV-10266
PMT-50214,Customer 029,2025-08-21,4687.58,INV-10280
PMT-50215,Customer 016,2025-08-22,6292.44,INV-10238
PMT-50216,Customer 010,2025-08-22,6947.62,INV-10243
PMT-50217,Customer 026,2025-08-24,1329.61,INV-10256
PMT-50218,Customer 021,2025-08-24,8799.68,INV-10265
PMT-50219,Customer 033,2025-08-25,209.56,INV-10260
PMT-50220,Customer 001,2025-08-25,6462.92,INV-10293
PMT-50221,Customer 020,2025-08-26,3296.21,INV-10286
PMT-50222,Customer 018,2025-08-28,1148.75,INV-10242
PMT-50223,Customer 012,2025-08-28,1675.73,INV-10281
PMT-50224,Customer 031,2025-08-28,5002.96,INV-10290
PMT-50225,Customer 019,2025-08-31,2506.07,INV-10259
PMT-50226,Customer 025,2025-08-31,2559.11,INV-10267
PMT-50227,Customer 011,2025-09-02,3780.72,INV-10273
PMT-50228,Customer 011,2025-09-03,826.26,INV-10240
PMT-50229,Customer 027,2025-09-03,7089.89,INV-10250
PMT-50230,Customer 019,2025-09-03,8273.47,INV-10274
PMT-50231,Customer 002,2025-09-04,4435.94,INV-10258
PMT-50232,Customer 038,2025-09-04,751.5,INV-10261
PMT-50233,Customer 018,2025-09-04,2462.42,
PMT-50234,Customer 039,2025-09-04,4915.43,INV-10276
PMT-50235,Customer 023,2025-09-05,810.4,INV-10254
PMT-50236,Customer 002,2025-09-05,4835.56,INV-10268
PMT-50237,Customer 027,2025-09-05,7486.11,INV-10277
PMT-50238,Customer 026,2025-09-05,8415.96,INV-10307
PMT-50239,Customer 015,2025-09-06,11292.49,
PMT-50240,Customer 001,2025-09-08,274.28,INV-10308
PMT-50241,Customer 022,2025-09-09,1025.74,INV-10251
PMT-50242,Customer 013,2025-09-10,6186.13,INV-10262
PMT-50243,Customer 028,2025-09-10,2013.67,INV-10269
PMT-50244,Customer 033,2025-09-10,4006.24,INV-10270
PMT-50245,Customer 003,2025-09-12,8125.45,INV-10300
PMT-50246,Customer 034,2025-09-13,4932.76,INV-10302
PMT-50247,Customer 017,2025-09-14,4336.66,INV-10310
PMT-50248,Customer 016,2025-09-15,2989.76,INV-10285
PMT-50249,Customer 025,2025-09-15,2655.45,INV-10306
PMT-50250,Customer 020,2025-09-15,4342.37,INV-10312
PMT-50251,Customer 040,2025-09-16,2145.13,INV-10272
PMT-50252,Customer 008,2025-09-17,513.35,INV-10297
PMT-50253,Customer 023,2025-09-20,9753.88,INV-10279
PMT-50254,Customer 012,2025-09-20,930.75,INV-10309
PMT-50255,Customer 032,2025-09-22,1286.3,INV-10288
PMT-50256,Customer 014,2025-09-23,1510.64,INV-10298-1
PMT-50257,Customer 022,2025-09-27,2636.5,INV-10284
PMT-50258,Customer 029,2025-09-28,8241.77,INV-10301
PMT-50259,Customer 030,2025-09-29,3121.61,INV-10295
PMT-50260,Customer 015,2025-09-30,4045.58,
PMT-50261,Customer 024,2025-10-01,6970.1,INV-10305
PMT-50262,Customer 037,2025-10-02,1408.53,INV-10289
PMT-50263,Customer 011,2025-10-02,1668.38,INV-10303
PMT-50264,Customer 013,2025-10-03,4354.73,INV-10292
PMT-50265,Customer 031,2025-10-03,1102.09,INV-10323
PMT-50266,Customer 009,2025-10-04,5449.18,INV-10287
PMT-50267,Customer 004,2025-10-04,2407.39,INV-10291
PMT-50268,Customer 006,2025-10-04,6187.7,INV-10325
PMT-50269,Customer 032,2025-10-07,9475.19,INV-10318
PMT-50270,Customer 010,2025-10-07,3347.52,INV-10328
PMT-50271,Customer 008,2025-10-08,2171.82,INV-10319
PMT-50272,Customer 023,2025-10-16,8076.46,INV-10316
PMT-50273,Customer 018,2025-10-17,2198.58,
PMT-50274,Customer 017,2025-10-18,3847.91,INV-10333
PMT-50275,Customer 033,2025-10-21,2253.96,INV-10314
PMT-50276,Customer 004,2025-10-21,4356.15,INV-10017
PMT-50277,Customer 013,2025-10-22,3249.9,INV-10311
PMT-50278,Customer 036,2025-10-22,1684.71,INV-10404
PMT-50279,Customer 040,2025-10-23,3563.67,INV-10331
PMT-50280,Customer 020,2025-10-23,1109.44,INV-10344
PMT-50281,Customer 009,2025-10-24,3053.33,INV-10321
PMT-50282,Customer 031,2025-10-24,6780.87,INV-10365
PMT-50283,Customer 022,2025-10-27,7532.28,INV-10315
PMT-50284,Customer 006,2025-10-27,6093.88,INV-10369
PMT-50285,Customer 021,2025-10-28,5651.63,INV-10332
PMT-50286,Customer 014,2025-10-29,3418.3,INV-10322
PMT-50287,Customer 028,2025-10-29,3512.86,INV-10327
PMT-50288,Customer 037,2025-10-30,6789.43,INV-10320
PMT-50289,Customer 021,2025-10-31,5328.73,INV-10349
PMT-50290,Customer 001,2025-10-31,7861.94,INV-10370
PMT-50291,Customer 029,2025-11-01,3038.69,INV-10359
PMT-50292,Customer 022,2025-11-02,7898.31,INV-10334-1
PMT-50293,Customer 014,2025-11-02,4116.35,INV-10343
PMT-50294,Customer 010,2025-11-02,3584.06,INV-10345
PMT-50295,Customer 035,2025-11-03,2340.83,INV-10330
PMT-50296,Customer 019,2025-11-04,4106.19,INV-10329
PMT-50297,Customer 008,2025-11-05,2585.93,INV-10341
PMT-50298,Customer 039,2025-11-06,1733.75,INV-10342
PMT-50299,Customer 030,2025-11-08,505.38,INV-10338
PMT-50300,Customer 005,2025-11-09,6462.77,INV-10351
PMT-50301,Customer 015,2025-11-09,6166.49,INV-10352
PMT-50302,Customer 007,2025-11-09,6410.45,INV-10361
PMT-50303,Customer 019,2025-11-10,6239.45,INV-10339
PMT-50304,Customer 013,2025-11-12,3433.09,INV-10354
PMT-50305,Customer 026,2025-11-13,1155.25,INV-10368
PMT-50306,Customer 036,2025-11-17,2692.43,INV-10336
PMT-50307,Customer 002,2025-11-17,5392.67,INV-10346
PMT-50308,Customer 016,2025-11-17,7827.29,INV-10353
PMT-50309,Customer 009,2025-11-18,7678.52,INV-10362
PMT-50310,Customer 040,2025-11-21,2908.61,INV-10348
PMT-50311,Customer 035,2025-11-21,7118.44,INV-10350
PMT-50312,Customer 025,2025-11-21,5084.65,INV-10367
PMT-50313,Customer 007,2025-11-22,8005.47,
PMT-50314,Customer 034,2025-11-22,2688.21,INV-10403
PMT-50315,Customer 027,2025-11-23,4149.49,INV-10363
PMT-50316,Customer 028,2025-11-26,4555.26,INV-10366
PMT-50317,Customer 011,2025-11-27,2756.14,INV-10347
PMT-50318,Customer 001,2025-11-27,6643.21,INV-10396
PMT-50319,Customer 020,2025-11-28,11131.98,
PMT-50320,Customer 033,2025-11-29,9301.39,INV-10356
PMT-50321,Customer 004,2025-11-29,5323.92,INV-10358
PMT-50322,Customer 039,2025-11-29,2458.77,INV-10392
PMT-50323,Customer 026,2025-12-01,160.51,INV-10407
PMT-50324,Customer 024,2025-12-02,1588.93,INV-10377
PMT-50325,Customer 003,2025-12-03,4920.66,INV-10386
PMT-50326,Customer 012,2025-12-04,1737.72,INV-10376
PMT-50327,Customer 010,2025-12-04,5452.76,INV-10387
PMT-50328,Customer 017,2025-12-04,5562.56,INV-10406
PMT-50329,Customer 002,2025-12-05,6682.33,INV-10380
PMT-50330,Customer 021,2025-12-05,4871.15,INV-10382
PMT-50331,Customer 031,2025-12-06,2692.75,INV-10402
PMT-50332,Customer 032,2025-12-08,2203.12,INV-10318
PMT-50333,Customer 008,2025-12-08,159.17,INV-10378
PMT-50334,Customer 006,2025-12-09,6412.44,INV-10397
PMT-50335,Customer 025,2025-12-11,2409.06,INV-10418
PMT-50336,Customer 034,2025-12-12,2328.55,INV-10425
PMT-50337,Customer 011,2025-12-13,2313.2,INV-10373
PMT-50338,Customer 035,2025-12-14,2471.65,INV-10390
PMT-50339,Customer 028,2025-12-16,8198.44,INV-10430
PMT-50340,Customer 030,2025-12-17,3881.73,INV-10381
PMT-50341,Customer 031,2025-12-17,8060.3,INV-10413
PMT-50342,Customer 017,2025-12-17,2625.46,INV-10428
PMT-50343,Customer 022,2025-12-18,2116.05,INV-10391
PMT-50344,Customer 004,2025-12-19,8254.8,INV-10383
PMT-50345,Customer 001,2025-12-19,1275.63,INV-10432
PMT-50346,Customer 005,2025-12-20,2535.28,INV-10371
PMT-50347,Customer 040,2025-12-20,2629.7,INV-10400
PMT-50348,Customer 037,2025-12-21,2456.48,INV-10372
PMT-50349,Customer 039,2025-12-21,6983.79,INV-10408
PMT-50350,Customer 016,2025-12-23,4659.54,INV-10385
PMT-50351,Customer 027,2025-12-24,4747.85,INV-10389
PMT-50352,Customer 026,2025-12-25,3845.39,INV-10424
PMT-50353,Customer 007,2025-12-27,3378.25,INV-10435
PMT-50354,Customer 038,2025-12-28,4444.42,INV-10216
PMT-50355,Customer 023,2025-12-29,1795.79,INV-10393
PMT-50356,Customer 018,2025-12-31,1559.88,INV-10398
PMT-50357,Customer 036,2025-12-31,2373.3,INV-10404
PMT-50358,Customer 020,2026-01-03,400.46,INV-10050
PMT-50359,Customer 012,2026-01-04,5983.25,INV-10439
PMT-50360,Customer 014,2026-01-07,247.04,INV-10415
PMT-50361,Customer 022,2026-01-07,1936.65,INV-10417
PMT-50362,Customer 021,2026-01-09,5006.83,INV-10422
PMT-50363,Customer 009,2026-01-10,6602.19,
PMT-50364,Customer 032,2026-01-10,4088.57,INV-10427
PMT-50365,Customer 003,2026-01-11,7802.35,INV-10441
PMT-50366,Customer 029,2026-01-11,899.7,INV-10445
PMT-50367,Customer 040,2026-01-13,8395.21,INV-10409
PMT-50368,Customer 024,2026-01-13,3549.88,10442
PMT-50369,Customer 033,2026-01-14,2875.82,INV-10411
PMT-50370,Customer 018,2026-01-15,3251.27,10416
PMT-50371,Customer 010,2026-01-15,3268.57,INV-10426
PMT-50372,Customer 013,2026-01-15,2802.77,INV-10436
PMT-50373,Customer 002,2026-01-18,5821.39,INV-10419
PMT-50374,Customer 005,2026-01-19,9245.46,INV-10410
PMT-50375,Customer 016,2026-01-21,5946.06,10438
PMT-50376,Customer 037,2026-01-24,5007.87,INV-10431
PMT-50377,Customer 027,2026-01-30,4569.3,INV-10440
PMT-50378,Customer 036,2026-01-31,4336.19,INV-10437
PMT-50379,Customer 030,2026-02-11,2133.81,INV-10443
PMT-50380,Customer 011,2026-02-12,8359.07,INV-10444
