doc_number,line_no,item,line_type,account,amount
INV-10001,1,Firewall Appliance,product,Product Revenue,2370.29
INV-10001,2,Sales Tax,tax,Sales Tax Payable,155.02
INV-10002,1,Software License,product,Product Revenue,2256.87
INV-10002,2,Network Switch,product,Product Revenue,1895.5
INV-10002,3,Onsite Support,service,Services Revenue,2675.84
INV-10002,4,Project Labor,service,Services Revenue,2005.93
INV-10002,5,Sales Tax,tax,Sales Tax Payable,323.47
INV-10003,1,Firewall Appliance,product,Product Revenue,1046.43
INV-10003,2,Network Switch,product,Product Revenue,2102.01
INV-10003,3,Sales Tax,tax,Sales Tax Payable,235.5
INV-10004,1,Onsite Support,service,Services Revenue,2981.01
INV-10005,1,Firewall Appliance,product,Product Revenue,1171.81
INV-10005,2,Project Labor,service,Services Revenue,3995.06
INV-10005,3,Remote Support,service,Services Revenue,1782.88
INV-10005,4,Laptop,product,Product Revenue,1820.57
INV-10005,5,Sales Tax,tax,Sales Tax Payable,217.85
INV-10006,1,Onsite Support,service,Services Revenue,3530.45
INV-10006,2,Network Switch,product,Product Revenue,1078.3
INV-10006,3,Laptop,product,Product Revenue,1656.89
INV-10006,4,Sales Tax,tax,Sales Tax Payable,210.34
INV-10007,1,Software License,product,Product Revenue,1219.29
INV-10007,2,Onsite Support,service,Services Revenue,396.97
INV-10007,3,Sales Tax,tax,Sales Tax Payable,95.35
INV-10008,1,Onsite Support,service,Services Revenue,3618.94
INV-10009,1,Network Switch,product,Product Revenue,387.58
INV-10009,2,Remote Support,service,Services Revenue,1805.54
INV-10009,3,Sales Tax,tax,Sales Tax Payable,31.7
INV-10010,1,Managed Services Agreement,service,Services Revenue,3098.75
INV-10010,2,Firewall Appliance,product,Product Revenue,199.53
INV-10010,3,Sales Tax,tax,Sales Tax Payable,15.7
INV-10011,1,Managed Services Agreement,service,Services Revenue,1453.67
INV-10011,2,Onsite Support,service,Services Revenue,487.33
INV-10011,3,Network Switch,product,Product Revenue,1943.48
INV-10011,4,Sales Tax,tax,Sales Tax Payable,156.06
INV-10012,1,Software License,product,Product Revenue,731.41
INV-10012,2,Firewall Appliance,product,Product Revenue,925.15
INV-10012,3,Sales Tax,tax,Sales Tax Payable,104.36
INV-10013,1,Firewall Appliance,product,Product Revenue,1635.09
INV-10013,2,Network Switch,product,Product Revenue,2086.13
INV-10013,3,Project Labor,service,Services Revenue,3645.28
INV-10013,4,Sales Tax,tax,Sales Tax Payable,291.74
INV-10014,1,Laptop,product,Product Revenue,1945.47
INV-10014,2,Project Labor,service,Services Revenue,3696.21
INV-10014,3,Managed Services Agreement,service,Services Revenue,3325.45
INV-10014,4,Sales Tax,tax,Sales Tax Payable,139.3
INV-10015,1,Firewall Appliance,product,Product Revenue,2301.74
INV-10015,2,Laptop,product,Product Revenue,259.63
INV-10015,3,Network Switch,product,Product Revenue,221.18
INV-10015,4,Software License,product,Product Revenue,197.51
INV-10015,5,Sales Tax,tax,Sales Tax Payable,179.7
INV-10016,1,Managed Services Agreement,service,Services Revenue,2209.3
INV-10017,1,Onsite Support,service,Services Revenue,448.91
INV-10017,2,Laptop,product,Product Revenue,1160.49
INV-10017,3,Sales Tax,tax,Sales Tax Payable,76.94
INV-10018,1,Network Switch,product,Product Revenue,340.97
INV-10018,2,Sales Tax,tax,Sales Tax Payable,21.92
INV-10019,1,Project Labor,service,Services Revenue,2888.86
INV-10019,2,Remote Support,service,Services Revenue,4376.29
INV-10019,3,Network Switch,product,Product Revenue,931.8
INV-10019,4,Laptop,product,Product Revenue,1085.95
INV-10019,5,Sales Tax,tax,Sales Tax Payable,144.07
INV-10020,1,Network Switch,product,Product Revenue,599.44
INV-10020,2,Firewall Appliance,product,Product Revenue,1499.83
INV-10020,3,Software License,product,Product Revenue,243.26
INV-10020,4,Remote Support,service,Services Revenue,3637.24
INV-10020,5,Sales Tax,tax,Sales Tax Payable,186.93
INV-10021,1,Laptop,product,Product Revenue,1276.11
INV-10021,2,Sales Tax,tax,Sales Tax Payable,77.84
INV-10022,1,Remote Support,service,Services Revenue,4331.88
INV-10022,2,Firewall Appliance,product,Product Revenue,1244.72
INV-10022,3,Sales Tax,tax,Sales Tax Payable,87.75
INV-10023,1,Managed Services Agreement,service,Services Revenue,1623.17
INV-10024,1,Remote Support,service,Services Revenue,3485.84
INV-10024,2,Network Switch,product,Product Revenue,2224.16
INV-10024,3,Laptop,product,Product Revenue,613.61
INV-10024,4,Sales Tax,tax,Sales Tax Payable,194.95
INV-10025,1,Laptop,product,Product Revenue,2188.09
INV-10025,2,Sales Tax,tax,Sales Tax Payable,160.39
INV-10026,1,Laptop,product,Product Revenue,2101.8
INV-10026,2,Sales Tax,tax,Sales Tax Payable,140.4
INV-10027,1,Managed Services Agreement,service,Services Revenue,1762.69
INV-10027,2,Laptop,product,Product Revenue,300.9
INV-10027,3,Firewall Appliance,product,Product Revenue,1369.12
INV-10027,4,Sales Tax,tax,Sales Tax Payable,109.22
INV-10028,1,Laptop,product,Product Revenue,2256.98
INV-10028,2,Project Labor,service,Services Revenue,696.98
INV-10028,3,Managed Services Agreement,service,Services Revenue,951.58
INV-10028,4,Network Switch,product,Product Revenue,2028.91
INV-10028,5,Sales Tax,tax,Sales Tax Payable,302.16
INV-10029,1,Software License,product,Product Revenue,1482.58
INV-10029,2,Sales Tax,tax,Sales Tax Payable,95.63
INV-10030,1,Managed Services Agreement,service,Services Revenue,3414.21
INV-10030,2,Software License,product,Product Revenue,597.81
INV-10030,3,Laptop,product,Product Revenue,2298.91
INV-10030,4,Project Labor,service,Services Revenue,1094.8
INV-10030,5,Sales Tax,tax,Sales Tax Payable,223.63
INV-10031,1,Onsite Support,service,Services Revenue,2644.0
INV-10031,2,Software License,product,Product Revenue,949.16
INV-10031,3,Sales Tax,tax,Sales Tax Payable,75.65
INV-10032,1,Managed Services Agreement,service,Services Revenue,1076.15
INV-10033,1,Laptop,product,Product Revenue,1824.79
INV-10033,2,Network Switch,product,Product Revenue,2089.51
INV-10033,3,Managed Services Agreement,service,Services Revenue,4154.49
INV-10033,4,Software License,product,Product Revenue,439.95
INV-10033,5,Sales Tax,tax,Sales Tax Payable,328.31
INV-10034,1,Laptop,product,Product Revenue,1038.72
INV-10034,2,Onsite Support,service,Services Revenue,1976.0
INV-10034,3,Remote Support,service,Services Revenue,295.03
INV-10034,4,Network Switch,product,Product Revenue,2134.15
INV-10034,5,Sales Tax,tax,Sales Tax Payable,192.59
INV-10035,1,Software License,product,Product Revenue,682.1
INV-10035,2,Onsite Support,service,Services Revenue,1013.57
INV-10035,3,Laptop,product,Product Revenue,1003.35
INV-10035,4,Sales Tax,tax,Sales Tax Payable,130.62
INV-10036,1,Onsite Support,service,Services Revenue,3460.65
INV-10036,2,Laptop,product,Product Revenue,1813.14
INV-10036,3,Network Switch,product,Product Revenue,2146.78
INV-10036,4,Managed Services Agreement,service,Services Revenue,3114.42
INV-10036,5,Sales Tax,tax,Sales Tax Payable,241.56
INV-10037,1,Project Labor,service,Services Revenue,2933.23
INV-10037,2,Managed Services Agreement,service,Services Revenue,740.36
INV-10038,1,Remote Support,service,Services Revenue,3490.41
INV-10039,1,Managed Services Agreement,service,Services Revenue,2086.59
INV-10039,2,Laptop,product,Product Revenue,296.77
INV-10039,3,Project Labor,service,Services Revenue,3120.67
INV-10039,4,Sales Tax,tax,Sales Tax Payable,21.6
INV-10040,1,Remote Support,service,Services Revenue,2096.1
INV-10040,2,Software License,product,Product Revenue,1023.32
INV-10040,3,Sales Tax,tax,Sales Tax Payable,68.36
INV-10041,1,Software License,product,Product Revenue,1137.57
INV-10041,2,Remote Support,service,Services Revenue,3752.01
INV-10041,3,Sales Tax,tax,Sales Tax Payable,91.35
INV-10042,1,Onsite Support,service,Services Revenue,3507.49
INV-10042,2,Managed Services Agreement,service,Services Revenue,3236.62
INV-10043,1,Software License,product,Product Revenue,829.47
INV-10043,2,Sales Tax,tax,Sales Tax Payable,58.48
INV-10044,1,Project Labor,service,Services Revenue,871.39
INV-10044,2,Onsite Support,service,Services Revenue,4149.63
INV-10045,1,Network Switch,product,Product Revenue,2228.34
INV-10045,2,Firewall Appliance,product,Product Revenue,1310.51
INV-10045,3,Software License,product,Product Revenue,1761.02
INV-10045,4,Project Labor,service,Services Revenue,468.82
INV-10045,5,Sales Tax,tax,Sales Tax Payable,333.89
INV-10046,1,Onsite Support,service,Services Revenue,2222.94
INV-10046,2,Software License,product,Product Revenue,1382.99
INV-10046,3,Network Switch,product,Product Revenue,1632.88
INV-10046,4,Sales Tax,tax,Sales Tax Payable,197.24
INV-10047,1,Software License,product,Product Revenue,1609.13
INV-10047,2,Laptop,product,Product Revenue,1954.07
INV-10047,3,Sales Tax,tax,Sales Tax Payable,266.53
INV-10048,1,Software License,product,Product Revenue,439.36
INV-10048,2,Sales Tax,tax,Sales Tax Payable,35.02
INV-10049,1,Managed Services Agreement,service,Services Revenue,4245.92
INV-10049,2,Firewall Appliance,product,Product Revenue,692.07
INV-10049,3,Sales Tax,tax,Sales Tax Payable,49.41
INV-10050,1,Managed Services Agreement,service,Services Revenue,1620.44
INV-10050,2,Network Switch,product,Product Revenue,2093.02
INV-10050,3,Sales Tax,tax,Sales Tax Payable,153.42
INV-10051,1,Project Labor,service,Services Revenue,1548.21
INV-10052,1,Software License,product,Product Revenue,185.42
INV-10052,2,Sales Tax,tax,Sales Tax Payable,15.02
INV-10053,1,Project Labor,service,Services Revenue,3495.9
INV-10053,2,Managed Services Agreement,service,Services Revenue,434.12
INV-10054,1,Software License,product,Product Revenue,2410.02
INV-10054,2,Project Labor,service,Services Revenue,262.19
INV-10054,3,Sales Tax,tax,Sales Tax Payable,186.05
INV-10055,1,Project Labor,service,Services Revenue,1322.93
INV-10056,1,Firewall Appliance,product,Product Revenue,1724.18
INV-10056,2,Laptop,product,Product Revenue,774.78
INV-10056,3,Remote Support,service,Services Revenue,2442.18
INV-10056,4,Sales Tax,tax,Sales Tax Payable,194.67
INV-10057,1,Laptop,product,Product Revenue,1201.13
INV-10057,2,Managed Services Agreement,service,Services Revenue,3251.08
INV-10057,3,Sales Tax,tax,Sales Tax Payable,90.32
INV-10058,1,Remote Support,service,Services Revenue,1917.46
INV-10059,1,Managed Services Agreement,service,Services Revenue,2730.54
INV-10059,2,Onsite Support,service,Services Revenue,1116.56
INV-10059,3,Software License,product,Product Revenue,609.54
INV-10059,4,Firewall Appliance,product,Product Revenue,2214.92
INV-10059,5,Sales Tax,tax,Sales Tax Payable,192.35
INV-10060,1,Firewall Appliance,product,Product Revenue,1125.46
INV-10060,2,Onsite Support,service,Services Revenue,3160.73
INV-10060,3,Laptop,product,Product Revenue,2112.38
INV-10060,4,Software License,product,Product Revenue,937.43
INV-10060,5,Sales Tax,tax,Sales Tax Payable,251.77
INV-10061,1,Remote Support,service,Services Revenue,948.15
INV-10061,2,Firewall Appliance,product,Product Revenue,837.71
INV-10061,3,Sales Tax,tax,Sales Tax Payable,68.52
INV-10062,1,Onsite Support,service,Services Revenue,1267.99
INV-10063,1,Remote Support,service,Services Revenue,1916.66
INV-10063,2,Onsite Support,service,Services Revenue,2578.71
INV-10063,3,Managed Services Agreement,service,Services Revenue,1872.96
INV-10063,4,Laptop,product,Product Revenue,1899.09
INV-10063,5,Sales Tax,tax,Sales Tax Payable,148.89
INV-10064,1,Software License,product,Product Revenue,1460.89
INV-10064,2,Network Switch,product,Product Revenue,1712.14
INV-10064,3,Sales Tax,tax,Sales Tax Payable,207.52
INV-10065,1,Laptop,product,Product Revenue,1076.16
INV-10065,2,Network Switch,product,Product Revenue,683.87
INV-10065,3,Sales Tax,tax,Sales Tax Payable,136.4
INV-10066,1,Onsite Support,service,Services Revenue,1521.78
INV-10066,2,Remote Support,service,Services Revenue,2759.89
INV-10066,3,Firewall Appliance,product,Product Revenue,306.04
INV-10066,4,Sales Tax,tax,Sales Tax Payable,19.83
INV-10067,1,Laptop,product,Product Revenue,1450.63
INV-10067,2,Network Switch,product,Product Revenue,2046.56
INV-10067,3,Sales Tax,tax,Sales Tax Payable,240.26
INV-10068,1,Network Switch,product,Product Revenue,365.15
INV-10068,2,Laptop,product,Product Revenue,2418.76
INV-10068,3,Firewall Appliance,product,Product Revenue,1502.13
INV-10068,4,Project Labor,service,Services Revenue,3645.95
INV-10068,5,Sales Tax,tax,Sales Tax Payable,306.88
INV-10069,1,Laptop,product,Product Revenue,1251.37
INV-10069,2,Sales Tax,tax,Sales Tax Payable,98.48
INV-10070,1,Firewall Appliance,product,Product Revenue,2008.41
INV-10070,2,Remote Support,service,Services Revenue,3949.45
INV-10070,3,Network Switch,product,Product Revenue,571.52
INV-10070,4,Sales Tax,tax,Sales Tax Payable,171.05
INV-10071,1,Software License,product,Product Revenue,893.92
INV-10071,2,Firewall Appliance,product,Product Revenue,1810.34
INV-10071,3,Sales Tax,tax,Sales Tax Payable,173.34
INV-10072,1,Laptop,product,Product Revenue,1379.75
INV-10072,2,Sales Tax,tax,Sales Tax Payable,110.1
INV-10073,1,Software License,product,Product Revenue,1461.56
INV-10073,2,Sales Tax,tax,Sales Tax Payable,108.74
INV-10074,1,Managed Services Agreement,service,Services Revenue,951.58
INV-10074,2,Remote Support,service,Services Revenue,1472.04
INV-10075,1,Project Labor,service,Services Revenue,1074.01
INV-10075,2,Software License,product,Product Revenue,778.82
INV-10075,3,Managed Services Agreement,service,Services Revenue,4235.61
INV-10075,4,Firewall Appliance,product,Product Revenue,781.06
INV-10075,5,Sales Tax,tax,Sales Tax Payable,109.97
INV-10076,1,Network Switch,product,Product Revenue,2229.23
INV-10076,2,Firewall Appliance,product,Product Revenue,1264.26
INV-10076,3,Remote Support,service,Services Revenue,3650.05
INV-10076,4,Sales Tax,tax,Sales Tax Payable,237.91
INV-10077,1,Laptop,product,Product Revenue,1749.09
INV-10077,2,Onsite Support,service,Services Revenue,3862.69
INV-10077,3,Managed Services Agreement,service,Services Revenue,1904.15
INV-10077,4,Sales Tax,tax,Sales Tax Payable,106.69
INV-10078,1,Laptop,product,Product Revenue,1376.04
INV-10078,2,Network Switch,product,Product Revenue,1017.16
INV-10078,3,Onsite Support,service,Services Revenue,3456.18
INV-10078,4,Software License,product,Product Revenue,322.06
INV-10078,5,Sales Tax,tax,Sales Tax Payable,186.54
INV-10079,1,Onsite Support,service,Services Revenue,3549.07
INV-10079,2,Laptop,product,Product Revenue,179.9
INV-10079,3,Sales Tax,tax,Sales Tax Payable,11.77
INV-10080,1,Software License,product,Product Revenue,2315.74
INV-10080,2,Project Labor,service,Services Revenue,455.25
INV-10080,3,Firewall Appliance,product,Product Revenue,552.51
INV-10080,4,Sales Tax,tax,Sales Tax Payable,183.85
INV-10081,1,Onsite Support,service,Services Revenue,1835.58
INV-10081,2,Project Labor,service,Services Revenue,265.07
INV-10081,3,Remote Support,service,Services Revenue,4338.67
INV-10082,1,Remote Support,service,Services Revenue,1424.29
INV-10082,2,Laptop,product,Product Revenue,1930.67
INV-10082,3,Sales Tax,tax,Sales Tax Payable,124.53
INV-10083,1,Onsite Support,service,Services Revenue,331.49
INV-10083,2,Laptop,product,Product Revenue,1071.67
INV-10083,3,Network Switch,product,Product Revenue,510.43
INV-10083,4,Remote Support,service,Services Revenue,506.23
INV-10083,5,Sales Tax,tax,Sales Tax Payable,124.04
INV-10084,1,Software License,product,Product Revenue,1511.61
INV-10084,2,Sales Tax,tax,Sales Tax Payable,110.8
INV-10085,1,Managed Services Agreement,service,Services Revenue,2761.51
INV-10086,1,Laptop,product,Product Revenue,2145.51
INV-10086,2,Sales Tax,tax,Sales Tax Payable,172.28
INV-10087,1,Managed Services Agreement,service,Services Revenue,3707.81
INV-10088,1,Remote Support,service,Services Revenue,3176.59
INV-10088,2,Network Switch,product,Product Revenue,452.82
INV-10088,3,Firewall Appliance,product,Product Revenue,2278.53
INV-10088,4,Sales Tax,tax,Sales Tax Payable,210.86
INV-10089,1,Remote Support,service,Services Revenue,2176.18
INV-10089,2,Software License,product,Product Revenue,653.83
INV-10089,3,Network Switch,product,Product Revenue,1886.11
INV-10089,4,Project Labor,service,Services Revenue,4163.0
INV-10089,5,Sales Tax,tax,Sales Tax Payable,183.38
INV-10090,1,Remote Support,service,Services Revenue,1387.72
INV-10090,2,Project Labor,service,Services Revenue,377.9
INV-10091,1,Onsite Support,service,Services Revenue,3435.04
INV-10091,2,Managed Services Agreement,service,Services Revenue,1262.9
INV-10091,3,Project Labor,service,Services Revenue,1909.79
INV-10092,1,Network Switch,product,Product Revenue,1744.75
INV-10092,2,Laptop,product,Product Revenue,2493.48
INV-10092,3,Remote Support,service,Services Revenue,831.51
INV-10092,4,Sales Tax,tax,Sales Tax Payable,331.43
INV-10093,1,Remote Support,service,Services Revenue,3028.64
INV-10094,1,Laptop,product,Product Revenue,1947.03
INV-10094,2,Firewall Appliance,product,Product Revenue,1579.03
INV-10094,3,Managed Services Agreement,service,Services Revenue,1510.67
INV-10094,4,Sales Tax,tax,Sales Tax Payable,212.62
INV-10095,1,Software License,product,Product Revenue,2320.95
INV-10095,2,Laptop,product,Product Revenue,2249.7
INV-10095,3,Sales Tax,tax,Sales Tax Payable,354.23
INV-10096,1,Managed Services Agreement,service,Services Revenue,1521.13
INV-10096,2,Network Switch,product,Product Revenue,226.24
INV-10096,3,Project Labor,service,Services Revenue,3764.62
INV-10096,4,Software License,product,Product Revenue,2300.47
INV-10096,5,Sales Tax,tax,Sales Tax Payable,196.83
INV-10097,1,Managed Services Agreement,service,Services Revenue,661.52
INV-10097,2,Onsite Support,service,Services Revenue,2394.78
INV-10098,1,Project Labor,service,Services Revenue,3329.01
INV-10099,1,Onsite Support,service,Services Revenue,4029.24
INV-10099,2,Laptop,product,Product Revenue,2481.2
INV-10099,3,Sales Tax,tax,Sales Tax Payable,194.28
INV-10100,1,Remote Support,service,Services Revenue,2794.2
INV-10100,2,Firewall Appliance,product,Product Revenue,938.96
INV-10100,3,Network Switch,product,Product Revenue,1355.26
INV-10100,4,Sales Tax,tax,Sales Tax Payable,163.81
INV-10101,1,Firewall Appliance,product,Product Revenue,1534.82
INV-10101,2,Software License,product,Product Revenue,2036.53
INV-10101,3,Sales Tax,tax,Sales Tax Payable,268.57
INV-10102,1,Project Labor,service,Services Revenue,2285.57
INV-10102,2,Remote Support,service,Services Revenue,871.82
INV-10103,1,Network Switch,product,Product Revenue,826.82
INV-10103,2,Managed Services Agreement,service,Services Revenue,1478.89
INV-10103,3,Sales Tax,tax,Sales Tax Payable,61.52
INV-10104,1,Managed Services Agreement,service,Services Revenue,1324.7
INV-10104,2,Onsite Support,service,Services Revenue,1769.42
INV-10104,3,Laptop,product,Product Revenue,1422.99
INV-10104,4,Firewall Appliance,product,Product Revenue,1763.65
INV-10104,5,Sales Tax,tax,Sales Tax Payable,260.67
INV-10105,1,Project Labor,service,Services Revenue,1500.8
INV-10105,2,Software License,product,Product Revenue,1879.51
INV-10105,3,Sales Tax,tax,Sales Tax Payable,149.61
INV-10106,1,Software License,product,Product Revenue,1565.81
INV-10106,2,Managed Services Agreement,service,Services Revenue,4219.82
INV-10106,3,Sales Tax,tax,Sales Tax Payable,118.06
INV-10107,1,Laptop,product,Product Revenue,1139.47
INV-10107,2,Onsite Support,service,Services Revenue,3853.94
INV-10107,3,Sales Tax,tax,Sales Tax Payable,88.65
INV-10108,1,Firewall Appliance,product,Product Revenue,987.8
INV-10108,2,Sales Tax,tax,Sales Tax Payable,59.96
INV-10109,1,Remote Support,service,Services Revenue,1688.21
INV-10109,2,Software License,product,Product Revenue,2457.92
INV-10109,3,Laptop,product,Product Revenue,1914.2
INV-10109,4,Sales Tax,tax,Sales Tax Payable,318.29
INV-10110,1,Onsite Support,service,Services Revenue,293.66
INV-10110,2,Laptop,product,Product Revenue,2307.79
INV-10110,3,Managed Services Agreement,service,Services Revenue,2810.51
INV-10110,4,Sales Tax,tax,Sales Tax Payable,186.93
INV-10111,1,Firewall Appliance,product,Product Revenue,2407.76
INV-10111,2,Software License,product,Product Revenue,2259.57
INV-10111,3,Remote Support,service,Services Revenue,2916.27
INV-10111,4,Project Labor,service,Services Revenue,555.43
INV-10111,5,Sales Tax,tax,Sales Tax Payable,372.45
INV-10112,1,Managed Services Agreement,service,Services Revenue,440.82
INV-10112,2,Project Labor,service,Services Revenue,711.5
INV-10112,3,Remote Support,service,Services Revenue,3164.86
INV-10113,1,Remote Support,service,Services Revenue,210.99
INV-10114,1,Network Switch,product,Product Revenue,1476.57
INV-10114,2,Sales Tax,tax,Sales Tax Payable,115.02
INV-10115,1,Managed Services Agreement,service,Services Revenue,1252.37
INV-10115,2,Laptop,product,Product Revenue,968.31
INV-10115,3,Remote Support,service,Services Revenue,2801.54
INV-10115,4,Sales Tax,tax,Sales Tax Payable,75.33
INV-10116,1,Software License,product,Product Revenue,1026.25
INV-10116,2,Onsite Support,service,Services Revenue,4239.91
INV-10116,3,Sales Tax,tax,Sales Tax Payable,79.53
INV-10117,1,Project Labor,service,Services Revenue,4077.21
INV-10117,2,Managed Services Agreement,service,Services Revenue,1609.22
INV-10117,3,Remote Support,service,Services Revenue,1598.54
INV-10118,1,Managed Services Agreement,service,Services Revenue,4458.35
INV-10119,1,Software License,product,Product Revenue,1423.49
INV-10119,2,Remote Support,service,Services Revenue,2888.43
INV-10119,3,Sales Tax,tax,Sales Tax Payable,115.3
INV-10120,1,Managed Services Agreement,service,Services Revenue,1030.79
INV-10121,1,Network Switch,product,Product Revenue,209.77
INV-10121,2,Sales Tax,tax,Sales Tax Payable,15.61
INV-10122,1,Laptop,product,Product Revenue,2403.4
INV-10122,2,Onsite Support,service,Services Revenue,215.71
INV-10122,3,Network Switch,product,Product Revenue,529.29
INV-10122,4,Managed Services Agreement,service,Services Revenue,1078.13
INV-10122,5,Sales Tax,tax,Sales Tax Payable,221.12
INV-10123,1,Network Switch,product,Product Revenue,1337.13
INV-10123,2,Onsite Support,service,Services Revenue,3965.89
INV-10123,3,Firewall Appliance,product,Product Revenue,1730.99
INV-10123,4,Sales Tax,tax,Sales Tax Payable,244.22
INV-10124,1,Remote Support,service,Services Revenue,612.93
INV-10124,2,Network Switch,product,Product Revenue,1788.26
INV-10124,3,Software License,product,Product Revenue,1927.65
INV-10124,4,Onsite Support,service,Services Revenue,1439.19
INV-10124,5,Sales Tax,tax,Sales Tax Payable,265.32
INV-10125,1,Network Switch,product,Product Revenue,1107.6
INV-10125,2,Project Labor,service,Services Revenue,3778.02
INV-10125,3,Onsite Support,service,Services Revenue,2863.32
INV-10125,4,Firewall Appliance,product,Product Revenue,1865.1
INV-10125,5,Sales Tax,tax,Sales Tax Payable,198.58
INV-10126,1,Firewall Appliance,product,Product Revenue,2328.26
INV-10126,2,Sales Tax,tax,Sales Tax Payable,183.23
INV-10127,1,Software License,product,Product Revenue,2406.19
INV-10127,2,Firewall Appliance,product,Product Revenue,1308.54
INV-10127,3,Laptop,product,Product Revenue,1243.67
INV-10127,4,Project Labor,service,Services Revenue,3889.33
INV-10127,5,Sales Tax,tax,Sales Tax Payable,317.83
INV-10128,1,Firewall Appliance,product,Product Revenue,405.33
INV-10128,2,Remote Support,service,Services Revenue,3677.66
INV-10128,3,Sales Tax,tax,Sales Tax Payable,31.29
INV-10129,1,Network Switch,product,Product Revenue,1653.12
INV-10129,2,Onsite Support,service,Services Revenue,3276.95
INV-10129,3,Firewall Appliance,product,Product Revenue,1363.4
INV-10129,4,Software License,product,Product Revenue,2202.02
INV-10129,5,Sales Tax,tax,Sales Tax Payable,408.61
INV-10130,1,Onsite Support,service,Services Revenue,4177.53
INV-10130,2,Software License,product,Product Revenue,277.66
INV-10130,3,Project Labor,service,Services Revenue,3661.56
INV-10130,4,Laptop,product,Product Revenue,1423.34
INV-10130,5,Sales Tax,tax,Sales Tax Payable,123.83
INV-10131,1,Project Labor,service,Services Revenue,574.52
INV-10131,2,Managed Services Agreement,service,Services Revenue,3061.92
INV-10131,3,Software License,product,Product Revenue,2411.3
INV-10131,4,Firewall Appliance,product,Product Revenue,2454.82
INV-10131,5,Sales Tax,tax,Sales Tax Payable,318.24
INV-10132,1,Laptop,product,Product Revenue,1088.0
INV-10132,2,Project Labor,service,Services Revenue,2165.85
INV-10132,3,Network Switch,product,Product Revenue,2275.4
INV-10132,4,Sales Tax,tax,Sales Tax Payable,251.58
INV-10133,1,Software License,product,Product Revenue,761.72
INV-10133,2,Onsite Support,service,Services Revenue,2688.84
INV-10133,3,Firewall Appliance,product,Product Revenue,2387.75
INV-10133,4,Managed Services Agreement,service,Services Revenue,3704.52
INV-10133,5,Sales Tax,tax,Sales Tax Payable,214.48
INV-10134,1,Network Switch,product,Product Revenue,2213.0
INV-10134,2,Software License,product,Product Revenue,1611.48
INV-10134,3,Firewall Appliance,product,Product Revenue,1375.07
INV-10134,4,Project Labor,service,Services Revenue,1021.85
INV-10134,5,Sales Tax,tax,Sales Tax Payable,366.57
INV-10135,1,Software License,product,Product Revenue,823.5
INV-10135,2,Laptop,product,Product Revenue,1572.44
INV-10135,3,Project Labor,service,Services Revenue,4459.26
INV-10135,4,Sales Tax,tax,Sales Tax Payable,168.91
INV-10136,1,Remote Support,service,Services Revenue,1369.67
INV-10136,2,Network Switch,product,Product Revenue,2356.96
INV-10136,3,Software License,product,Product Revenue,1334.39
INV-10136,4,Sales Tax,tax,Sales Tax Payable,277.59
INV-10137,1,Laptop,product,Product Revenue,1334.65
INV-10137,2,Sales Tax,tax,Sales Tax Payable,109.17
INV-10138,1,Network Switch,product,Product Revenue,1046.47
INV-10138,2,Sales Tax,tax,Sales Tax Payable,67.29
INV-10139,1,Firewall Appliance,product,Product Revenue,699.37
INV-10139,2,Laptop,product,Product Revenue,803.09
INV-10139,3,Sales Tax,tax,Sales Tax Payable,99.61
INV-10140,1,Project Labor,service,Services Revenue,498.13
INV-10141,1,Firewall Appliance,product,Product Revenue,920.59
INV-10141,2,Laptop,product,Product Revenue,160.07
INV-10141,3,Onsite Support,service,Services Revenue,303.28
INV-10141,4,Sales Tax,tax,Sales Tax Payable,65.16
INV-10142,1,Managed Services Agreement,service,Services Revenue,397.73
INV-10142,2,Remote Support,service,Services Revenue,2015.19
INV-10142,3,Project Labor,service,Services Revenue,3022.16
INV-10142,4,Software License,product,Product Revenue,283.26
INV-10142,5,Sales Tax,tax,Sales Tax Payable,22.75
INV-10143,1,Onsite Support,service,Services Revenue,2075.81
INV-10143,2,Remote Support,service,Services Revenue,1018.06
INV-10144,1,Managed Services Agreement,service,Services Revenue,4162.45
INV-10144,2,Remote Support,service,Services Revenue,767.13
INV-10144,3,Onsite Support,service,Services Revenue,207.69
INV-10144,4,Project Labor,service,Services Revenue,1296.8
INV-10145,1,Firewall Appliance,product,Product Revenue,1951.15
INV-10145,2,Laptop,product,Product Revenue,1868.46
INV-10145,3,Onsite Support,service,Services Revenue,1267.87
INV-10145,4,Network Switch,product,Product Revenue,2480.89
INV-10145,5,Sales Tax,tax,Sales Tax Payable,492.7
INV-10146,1,Project Labor,service,Services Revenue,2099.66
INV-10146,2,Network Switch,product,Product Revenue,1057.38
INV-10146,3,Onsite Support,service,Services Revenue,2032.7
INV-10146,4,Sales Tax,tax,Sales Tax Payable,84.27
INV-10147,1,Onsite Support,service,Services Revenue,4402.98
INV-10147,2,Software License,product,Product Revenue,723.72
INV-10147,3,Project Labor,service,Services Revenue,3917.43
INV-10147,4,Firewall Appliance,product,Product Revenue,1095.95
INV-10147,5,Sales Tax,tax,Sales Tax Payable,142.66
INV-10148,1,Network Switch,product,Product Revenue,1142.39
INV-10148,2,Sales Tax,tax,Sales Tax Payable,69.34
INV-10149,1,Remote Support,service,Services Revenue,2999.51
INV-10149,2,Software License,product,Product Revenue,831.16
INV-10149,3,Sales Tax,tax,Sales Tax Payable,53.61
INV-10150,1,Software License,product,Product Revenue,2350.51
INV-10150,2,Laptop,product,Product Revenue,751.9
INV-10150,3,Sales Tax,tax,Sales Tax Payable,202.9
INV-10151,1,Network Switch,product,Product Revenue,1113.55
INV-10151,2,Managed Services Agreement,service,Services Revenue,2528.5
INV-10151,3,Software License,product,Product Revenue,1838.83
INV-10151,4,Sales Tax,tax,Sales Tax Payable,214.93
INV-10152,1,Onsite Support,service,Services Revenue,381.81
INV-10152,2,Software License,product,Product Revenue,1184.18
INV-10152,3,Sales Tax,tax,Sales Tax Payable,93.19
INV-10153,1,Network Switch,product,Product Revenue,2252.82
INV-10153,2,Laptop,product,Product Revenue,344.48
INV-10153,3,Sales Tax,tax,Sales Tax Payable,202.07
INV-10154,1,Laptop,product,Product Revenue,706.14
INV-10154,2,Network Switch,product,Product Revenue,2259.11
INV-10154,3,Firewall Appliance,product,Product Revenue,439.57
INV-10154,4,Sales Tax,tax,Sales Tax Payable,218.25
INV-10155,1,Remote Support,service,Services Revenue,4341.32
INV-10155,2,Firewall Appliance,product,Product Revenue,813.87
INV-10155,3,Laptop,product,Product Revenue,449.37
INV-10155,4,Sales Tax,tax,Sales Tax Payable,93.99
INV-10156,1,Network Switch,product,Product Revenue,893.23
INV-10156,2,Onsite Support,service,Services Revenue,3174.43
INV-10156,3,Sales Tax,tax,Sales Tax Payable,69.23
INV-10157,1,Remote Support,service,Services Revenue,753.01
INV-10157,2,Laptop,product,Product Revenue,2418.66
INV-10157,3,Network Switch,product,Product Revenue,1714.47
INV-10157,4,Sales Tax,tax,Sales Tax Payable,319.08
INV-10158,1,Software License,product,Product Revenue,1277.65
INV-10158,2,Project Labor,service,Services Revenue,693.2
INV-10158,3,Sales Tax,tax,Sales Tax Payable,87.01
INV-10159,1,Project Labor,service,Services Revenue,514.84
INV-10160,1,Managed Services Agreement,service,Services Revenue,956.73
INV-10161,1,Software License,product,Product Revenue,1230.52
INV-10161,2,Sales Tax,tax,Sales Tax Payable,75.06
INV-10162,1,Project Labor,service,Services Revenue,2539.52
INV-10162,2,Onsite Support,service,Services Revenue,3385.16
INV-10162,3,Laptop,product,Product Revenue,2163.57
INV-10162,4,Software License,product,Product Revenue,288.65
INV-10162,5,Sales Tax,tax,Sales Tax Payable,158.9
INV-10163,1,Remote Support,service,Services Revenue,1373.14
INV-10164,1,Managed Services Agreement,service,Services Revenue,2843.27
INV-10164,2,Laptop,product,Product Revenue,2270.38
INV-10164,3,Sales Tax,tax,Sales Tax Payable,171.19
INV-10165,1,Project Labor,service,Services Revenue,528.59
INV-10165,2,Managed Services Agreement,service,Services Revenue,3570.47
INV-10165,3,Onsite Support,service,Services Revenue,436.77
INV-10165,4,Laptop,product,Product Revenue,2418.11
INV-10165,5,Sales Tax,tax,Sales Tax Payable,174.59
INV-10166,1,Firewall Appliance,product,Product Revenue,2350.86
INV-10166,2,Network Switch,product,Product Revenue,922.82
INV-10166,3,Project Labor,service,Services Revenue,2628.15
INV-10166,4,Sales Tax,tax,Sales Tax Payable,217.04
INV-10167,1,Firewall Appliance,product,Product Revenue,944.52
INV-10167,2,Onsite Support,service,Services Revenue,1925.22
INV-10167,3,Remote Support,service,Services Revenue,2818.79
INV-10167,4,Sales Tax,tax,Sales Tax Payable,75.37
INV-10168,1,Onsite Support,service,Services Revenue,3260.34
INV-10168,2,Network Switch,product,Product Revenue,1246.82
INV-10168,3,Remote Support,service,Services Revenue,1947.07
INV-10168,4,Sales Tax,tax,Sales Tax Payable,75.68
INV-10169,1,Onsite Support,service,Services Revenue,991.46
INV-10169,2,Firewall Appliance,product,Product Revenue,1000.71
INV-10169,3,Project Labor,service,Services Revenue,3708.33
INV-10169,4,Sales Tax,tax,Sales Tax Payable,60.34
INV-10170,1,Remote Support,service,Services Revenue,1708.77
INV-10170,2,Laptop,product,Product Revenue,382.75
INV-10170,3,Software License,product,Product Revenue,1859.54
INV-10170,4,Network Switch,product,Product Revenue,471.75
INV-10170,5,Sales Tax,tax,Sales Tax Payable,181.3
INV-10171,1,Project Labor,service,Services Revenue,2150.8
INV-10172,1,Project Labor,service,Services Revenue,3013.05
INV-10172,2,Firewall Appliance,product,Product Revenue,347.12
INV-10172,3,Sales Tax,tax,Sales Tax Payable,27.18
INV-10173,1,Onsite Support,service,Services Revenue,2681.93
INV-10174,1,Managed Services Agreement,service,Services Revenue,958.27
INV-10175,1,Software License,product,Product Revenue,2194.1
INV-10175,2,Managed Services Agreement,service,Services Revenue,2988.4
INV-10175,3,Sales Tax,tax,Sales Tax Payable,156.66
INV-10176,1,Remote Support,service,Services Revenue,1024.89
INV-10176,2,Project Labor,service,Services Revenue,416.04
INV-10176,3,Network Switch,product,Product Revenue,2008.73
INV-10176,4,Sales Tax,tax,Sales Tax Payable,157.08
INV-10177,1,Firewall Appliance,product,Product Revenue,817.49
INV-10177,2,Project Labor,service,Services Revenue,4497.52
INV-10177,3,Managed Services Agreement,service,Services Revenue,4117.11
INV-10177,4,Remote Support,service,Services Revenue,1732.98
INV-10177,5,Sales Tax,tax,Sales Tax Payable,51.5
INV-10178,1,Network Switch,product,Product Revenue,1831.48
INV-10178,2,Firewall Appliance,product,Product Revenue,612.91
INV-10178,3,Managed Services Agreement,service,Services Revenue,1306.27
INV-10178,4,Sales Tax,tax,Sales Tax Payable,175.02
INV-10179,1,Project Labor,service,Services Revenue,3634.04
INV-10179,2,Managed Services Agreement,service,Services Revenue,850.39
INV-10179,3,Laptop,product,Product Revenue,1271.74
INV-10179,4,Onsite Support,service,Services Revenue,2289.89
INV-10179,5,Sales Tax,tax,Sales Tax Payable,87.37
INV-10180,1,Managed Services Agreement,service,Services Revenue,4380.42
INV-10180,2,Network Switch,product,Product Revenue,189.99
INV-10180,3,Sales Tax,tax,Sales Tax Payable,13.39
INV-10181,1,Network Switch,product,Product Revenue,2487.15
INV-10181,2,Software License,product,Product Revenue,1571.6
INV-10181,3,Laptop,product,Product Revenue,323.56
INV-10181,4,Sales Tax,tax,Sales Tax Payable,349.27
INV-10182,1,Onsite Support,service,Services Revenue,3472.28
INV-10182,2,Software License,product,Product Revenue,290.2
INV-10182,3,Sales Tax,tax,Sales Tax Payable,23.74
INV-10183,1,Firewall Appliance,product,Product Revenue,250.25
INV-10183,2,Managed Services Agreement,service,Services Revenue,549.57
INV-10183,3,Onsite Support,service,Services Revenue,2324.29
INV-10183,4,Network Switch,product,Product Revenue,268.11
INV-10183,5,Sales Tax,tax,Sales Tax Payable,33.33
INV-10184,1,Remote Support,service,Services Revenue,1425.69
INV-10185,1,Laptop,product,Product Revenue,2195.24
INV-10185,2,Sales Tax,tax,Sales Tax Payable,177.81
INV-10186,1,Onsite Support,service,Services Revenue,2568.31
INV-10186,2,Project Labor,service,Services Revenue,1542.38
INV-10186,3,Network Switch,product,Product Revenue,2328.64
INV-10186,4,Sales Tax,tax,Sales Tax Payable,170.69
INV-10187,1,Onsite Support,service,Services Revenue,2319.72
INV-10187,2,Firewall Appliance,product,Product Revenue,666.92
INV-10187,3,Sales Tax,tax,Sales Tax Payable,47.62
INV-10188,1,Managed Services Agreement,service,Services Revenue,4036.82
INV-10188,2,Software License,product,Product Revenue,983.3
INV-10188,3,Sales Tax,tax,Sales Tax Payable,76.5
INV-10189,1,Remote Support,service,Services Revenue,3619.61
INV-10189,2,Managed Services Agreement,service,Services Revenue,2068.55
INV-10189,3,Network Switch,product,Product Revenue,980.38
INV-10189,4,Laptop,product,Product Revenue,1338.47
INV-10189,5,Sales Tax,tax,Sales Tax Payable,169.97
INV-10190,1,Onsite Support,service,Services Revenue,2959.79
INV-10190,2,Network Switch,product,Product Revenue,1853.72
INV-10190,3,Software License,product,Product Revenue,397.37
INV-10190,4,Managed Services Agreement,service,Services Revenue,936.28
INV-10190,5,Sales Tax,tax,Sales Tax Payable,163.88
INV-10191,1,Firewall Appliance,product,Product Revenue,1002.0
INV-10191,2,Onsite Support,service,Services Revenue,3703.46
INV-10191,3,Sales Tax,tax,Sales Tax Payable,75.55
INV-10192,1,Managed Services Agreement,service,Services Revenue,1851.31
INV-10192,2,Software License,product,Product Revenue,1185.6
INV-10192,3,Laptop,product,Product Revenue,839.51
INV-10192,4,Sales Tax,tax,Sales Tax Payable,129.81
INV-10193,1,Firewall Appliance,product,Product Revenue,2008.19
INV-10193,2,Project Labor,service,Services Revenue,760.48
INV-10193,3,Onsite Support,service,Services Revenue,2672.62
INV-10193,4,Software License,product,Product Revenue,1166.88
INV-10193,5,Sales Tax,tax,Sales Tax Payable,193.68
INV-10194,1,Project Labor,service,Services Revenue,3705.02
INV-10194,2,Firewall Appliance,product,Product Revenue,2371.41
INV-10194,3,Sales Tax,tax,Sales Tax Payable,186.63
INV-10195,1,Laptop,product,Product Revenue,1404.82
INV-10195,2,Sales Tax,tax,Sales Tax Payable,108.45
INV-10196,1,Managed Services Agreement,service,Services Revenue,2509.69
INV-10197,1,Laptop,product,Product Revenue,1788.42
INV-10197,2,Software License,product,Product Revenue,1041.78
INV-10197,3,Managed Services Agreement,service,Services Revenue,1551.04
INV-10197,4,Remote Support,service,Services Revenue,2274.03
INV-10197,5,Sales Tax,tax,Sales Tax Payable,220.47
INV-10198,1,Software License,product,Product Revenue,1900.85
INV-10198,2,Project Labor,service,Services Revenue,972.96
INV-10198,3,Sales Tax,tax,Sales Tax Payable,122.6
INV-10199,1,Laptop,product,Product Revenue,1052.58
INV-10199,2,Managed Services Agreement,service,Services Revenue,3096.43
INV-10199,3,Firewall Appliance,product,Product Revenue,961.66
INV-10199,4,Sales Tax,tax,Sales Tax Payable,133.54
INV-10200,1,Managed Services Agreement,service,Services Revenue,1724.14
INV-10200,2,Remote Support,service,Services Revenue,2301.77
INV-10200,3,Onsite Support,service,Services Revenue,662.75
INV-10201,1,Software License,product,Product Revenue,1700.17
INV-10201,2,Network Switch,product,Product Revenue,1731.77
INV-10201,3,Sales Tax,tax,Sales Tax Payable,206.95
INV-10202,1,Network Switch,product,Product Revenue,2180.85
INV-10202,2,Onsite Support,service,Services Revenue,1632.62
INV-10202,3,Sales Tax,tax,Sales Tax Payable,153.75
INV-10203,1,Onsite Support,service,Services Revenue,2179.28
INV-10203,2,Managed Services Agreement,service,Services Revenue,3270.44
INV-10203,3,Project Labor,service,Services Revenue,2476.5
INV-10204,1,Project Labor,service,Services Revenue,999.01
INV-10204,2,Onsite Support,service,Services Revenue,1229.3
INV-10205,1,Firewall Appliance,product,Product Revenue,2482.21
INV-10205,2,Network Switch,product,Product Revenue,1587.18
INV-10205,3,Project Labor,service,Services Revenue,3941.89
INV-10205,4,Software License,product,Product Revenue,2462.92
INV-10205,5,Sales Tax,tax,Sales Tax Payable,460.53
INV-10206,1,Project Labor,service,Services Revenue,4449.58
INV-10206,2,Onsite Support,service,Services Revenue,1607.96
INV-10207,1,Network Switch,product,Product Revenue,1648.44
INV-10207,2,Sales Tax,tax,Sales Tax Payable,100.06
INV-10208,1,Managed Services Agreement,service,Services Revenue,4459.27
INV-10208,2,Laptop,product,Product Revenue,313.24
INV-10208,3,Network Switch,product,Product Revenue,1010.14
INV-10208,4,Firewall Appliance,product,Product Revenue,2019.92
INV-10208,5,Sales Tax,tax,Sales Tax Payable,257.1
INV-10209,1,Onsite Support,service,Services Revenue,3285.86
INV-10209,2,Firewall Appliance,product,Product Revenue,493.79
INV-10209,3,Managed Services Agreement,service,Services Revenue,2558.02
INV-10209,4,Network Switch,product,Product Revenue,524.52
INV-10209,5,Sales Tax,tax,Sales Tax Payable,83.3
INV-10210,1,Network Switch,product,Product Revenue,1738.56
INV-10210,2,Firewall Appliance,product,Product Revenue,2476.61
INV-10210,3,Onsite Support,service,Services Revenue,3620.75
INV-10210,4,Sales Tax,tax,Sales Tax Payable,265.56
INV-10211,1,Network Switch,product,Product Revenue,227.66
INV-10211,2,Laptop,product,Product Revenue,849.35
INV-10211,3,Project Labor,service,Services Revenue,3643.17
INV-10211,4,Software License,product,Product Revenue,2322.2
INV-10211,5,Sales Tax,tax,Sales Tax Payable,222.31
INV-10212,1,Project Labor,service,Services Revenue,3307.57
INV-10212,2,Managed Services Agreement,service,Services Revenue,2168.97
INV-10212,3,Firewall Appliance,product,Product Revenue,1901.64
INV-10212,4,Sales Tax,tax,Sales Tax Payable,147.38
INV-10213,1,Remote Support,service,Services Revenue,4179.85
INV-10213,2,Laptop,product,Product Revenue,859.34
INV-10213,3,Network Switch,product,Product Revenue,1078.74
INV-10213,4,Project Labor,service,Services Revenue,246.73
INV-10213,5,Sales Tax,tax,Sales Tax Payable,138.77
INV-10214,1,Laptop,product,Product Revenue,589.57
INV-10214,2,Sales Tax,tax,Sales Tax Payable,47.05
INV-10215,1,Remote Support,service,Services Revenue,3114.58
INV-10215,2,Network Switch,product,Product Revenue,1748.58
INV-10215,3,Sales Tax,tax,Sales Tax Payable,119.08
INV-10216,1,Software License,product,Product Revenue,2086.49
INV-10216,2,Remote Support,service,Services Revenue,1550.05
INV-10216,3,Network Switch,product,Product Revenue,207.57
INV-10216,4,Project Labor,service,Services Revenue,4011.35
INV-10216,5,Sales Tax,tax,Sales Tax Payable,185.82
INV-10217,1,Project Labor,service,Services Revenue,1445.62
INV-10217,2,Laptop,product,Product Revenue,1730.26
INV-10217,3,Remote Support,service,Services Revenue,2400.25
INV-10217,4,Sales Tax,tax,Sales Tax Payable,128.73
INV-10218,1,Onsite Support,service,Services Revenue,826.29
INV-10219,1,Firewall Appliance,product,Product Revenue,367.42
INV-10219,2,Sales Tax,tax,Sales Tax Payable,28.81
INV-10220,1,Onsite Support,service,Services Revenue,3767.93
INV-10220,2,Software License,product,Product Revenue,481.74
INV-10220,3,Firewall Appliance,product,Product Revenue,536.4
INV-10220,4,Sales Tax,tax,Sales Tax Payable,79.72
INV-10221,1,Project Labor,service,Services Revenue,2010.96
INV-10221,2,Managed Services Agreement,service,Services Revenue,1008.0
INV-10221,3,Network Switch,product,Product Revenue,399.58
INV-10221,4,Software License,product,Product Revenue,393.64
INV-10221,5,Sales Tax,tax,Sales Tax Payable,51.88
INV-10222,1,Network Switch,product,Product Revenue,1233.7
INV-10222,2,Onsite Support,service,Services Revenue,200.79
INV-10222,3,Firewall Appliance,product,Product Revenue,1830.68
INV-10222,4,Project Labor,service,Services Revenue,1266.55
INV-10222,5,Sales Tax,tax,Sales Tax Payable,204.7
INV-10223,1,Laptop,product,Product Revenue,598.33
INV-10223,2,Sales Tax,tax,Sales Tax Payable,47.63
INV-10224,1,Project Labor,service,Services Revenue,2277.73
INV-10224,2,Network Switch,product,Product Revenue,2129.39
INV-10224,3,Software License,product,Product Revenue,1233.72
INV-10224,4,Sales Tax,tax,Sales Tax Payable,263.0
INV-10225,1,Onsite Support,service,Services Revenue,4049.64
INV-10226,1,Network Switch,product,Product Revenue,1041.34
INV-10226,2,Firewall Appliance,product,Product Revenue,928.14
INV-10226,3,Remote Support,service,Services Revenue,415.59
INV-10226,4,Software License,product,Product Revenue,1104.98
INV-10226,5,Sales Tax,tax,Sales Tax Payable,219.52
INV-10227,1,Onsite Support,service,Services Revenue,1660.69
INV-10227,2,Software License,product,Product Revenue,352.79
INV-10227,3,Sales Tax,tax,Sales Tax Payable,27.24
INV-10228,1,Project Labor,service,Services Revenue,1646.19
INV-10228,2,Managed Services Agreement,service,Services Revenue,2999.73
INV-10229,1,Laptop,product,Product Revenue,1463.53
INV-10229,2,Sales Tax,tax,Sales Tax Payable,97.03
INV-10230,1,Onsite Support,service,Services Revenue,1821.72
INV-10231,1,Software License,product,Product Revenue,747.98
INV-10231,2,Laptop,product,Product Revenue,755.91
INV-10231,3,Firewall Appliance,product,Product Revenue,432.31
INV-10231,4,Sales Tax,tax,Sales Tax Payable,136.5
INV-10232,1,Software License,product,Product Revenue,392.06
INV-10232,2,Sales Tax,tax,Sales Tax Payable,25.64
INV-10233,1,Onsite Support,service,Services Revenue,185.62
INV-10234,1,Laptop,product,Product Revenue,1238.31
INV-10234,2,Project Labor,service,Services Revenue,2312.09
INV-10234,3,Remote Support,service,Services Revenue,2269.6
INV-10234,4,Sales Tax,tax,Sales Tax Payable,82.72
INV-10235,1,Project Labor,service,Services Revenue,2142.52
INV-10235,2,Network Switch,product,Product Revenue,2434.45
INV-10235,3,Sales Tax,tax,Sales Tax Payable,190.62
INV-10236,1,Project Labor,service,Services Revenue,3141.18
INV-10237,1,Project Labor,service,Services Revenue,1362.12
INV-10237,2,Firewall Appliance,product,Product Revenue,2351.84
INV-10237,3,Laptop,product,Product Revenue,1112.22
INV-10237,4,Sales Tax,tax,Sales Tax Payable,252.18
INV-10238,1,Remote Support,service,Services Revenue,382.32
INV-10238,2,Firewall Appliance,product,Product Revenue,2267.08
INV-10238,3,Software License,product,Product Revenue,2348.79
INV-10238,4,Onsite Support,service,Services Revenue,960.98
INV-10238,5,Sales Tax,tax,Sales Tax Payable,333.27
INV-10239,1,Remote Support,service,Services Revenue,3421.8
INV-10239,2,Project Labor,service,Services Revenue,3843.41
INV-10240,1,Network Switch,product,Product Revenue,779.27
INV-10240,2,Sales Tax,tax,Sales Tax Payable,46.99
INV-10241,1,Remote Support,service,Services Revenue,1025.93
INV-10242,1,Managed Services Agreement,service,Services Revenue,1148.75
INV-10243,1,Managed Services Agreement,service,Services Revenue,3523.64
INV-10243,2,Laptop,product,Product Revenue,452.83
INV-10243,3,Onsite Support,service,Services Revenue,2938.73
INV-10243,4,Sales Tax,tax,Sales Tax Payable,32.42
INV-10244,1,Laptop,product,Product Revenue,1987.69
INV-10244,2,Project Labor,service,Services Revenue,3454.69
INV-10244,3,Sales Tax,tax,Sales Tax Payable,135.36
INV-10245,1,Software License,product,Product Revenue,611.21
INV-10245,2,Managed Services Agreement,service,Services Revenue,337.96
INV-10245,3,Sales Tax,tax,Sales Tax Payable,47.8
INV-10246,1,Remote Support,service,Services Revenue,4356.63
INV-10246,2,Software License,product,Product Revenue,1864.93
INV-10246,3,Sales Tax,tax,Sales Tax Payable,144.53
INV-10247,1,Project Labor,service,Services Revenue,1009.51
INV-10247,2,Firewall Appliance,product,Product Revenue,2018.86
INV-10247,3,Sales Tax,tax,Sales Tax Payable,130.82
INV-10248,1,Laptop,product,Product Revenue,732.7
INV-10248,2,Onsite Support,service,Services Revenue,1302.59
INV-10248,3,Project Labor,service,Services Revenue,1731.61
INV-10248,4,Remote Support,service,Services Revenue,3547.02
INV-10248,5,Sales Tax,tax,Sales Tax Payable,58.47
INV-10249,1,Remote Support,service,Services Revenue,849.93
INV-10250,1,Network Switch,product,Product Revenue,1329.75
INV-10250,2,Project Labor,service,Services Revenue,3083.36
INV-10250,3,Software License,product,Product Revenue,2434.72
INV-10250,4,Sales Tax,tax,Sales Tax Payable,242.06
INV-10251,1,Remote Support,service,Services Revenue,1025.74
INV-10252,1,Remote Support,service,Services Revenue,817.37
INV-10252,2,Project Labor,service,Services Revenue,3802.67
INV-10252,3,Managed Services Agreement,service,Services Revenue,1004.58
INV-10253,1,Firewall Appliance,product,Product Revenue,711.49
INV-10253,2,Remote Support,service,Services Revenue,4290.18
INV-10253,3,Sales Tax,tax,Sales Tax Payable,45.61
INV-10254,1,Network Switch,product,Product Revenue,749.12
INV-10254,2,Sales Tax,tax,Sales Tax Payable,61.28
INV-10255,1,Software License,product,Product Revenue,2094.84
INV-10255,2,Remote Support,service,Services Revenue,1164.86
INV-10255,3,Laptop,product,Product Revenue,224.86
INV-10255,4,Sales Tax,tax,Sales Tax Payable,163.54
INV-10256,1,Project Labor,service,Services Revenue,646.06
INV-10256,2,Network Switch,product,Product Revenue,632.74
INV-10256,3,Sales Tax,tax,Sales Tax Payable,50.81
INV-10257,1,Laptop,product,Product Revenue,917.14
INV-10257,2,Remote Support,service,Services Revenue,3835.44
INV-10257,3,Sales Tax,tax,Sales Tax Payable,73.0
INV-10258,1,Software License,product,Product Revenue,798.8
INV-10258,2,Onsite Support,service,Services Revenue,494.87
INV-10258,3,Managed Services Agreement,service,Services Revenue,1522.82
INV-10258,4,Project Labor,service,Services Revenue,1555.79
INV-10258,5,Sales Tax,tax,Sales Tax Payable,63.66
INV-10259,1,Project Labor,service,Services Revenue,252.43
INV-10259,2,Laptop,product,Product Revenue,781.18
INV-10259,3,Onsite Support,service,Services Revenue,1411.22
INV-10259,4,Sales Tax,tax,Sales Tax Payable,61.24
INV-10260,1,Project Labor,service,Services Revenue,209.56
INV-10261,1,Laptop,product,Product Revenue,695.19
INV-10261,2,Sales Tax,tax,Sales Tax Payable,56.31
INV-10262,1,Project Labor,service,Services Revenue,3290.56
INV-10262,2,Firewall Appliance,product,Product Revenue,310.86
INV-10262,3,Software License,product,Product Revenue,2373.45
INV-10262,4,Sales Tax,tax,Sales Tax Payable,211.26
INV-10263,1,Project Labor,service,Services Revenue,1107.76
INV-10263,2,Laptop,product,Product Revenue,2153.03
INV-10263,3,Sales Tax,tax,Sales Tax Payable,162.34
INV-10264,1,Network Switch,product,Product Revenue,1820.71
INV-10264,2,Laptop,product,Product Revenue,2446.45
INV-10264,3,Onsite Support,service,Services Revenue,1360.84
INV-10264,4,Sales Tax,tax,Sales Tax Payable,276.51
INV-10265,1,Remote Support,service,Services Revenue,3381.57
INV-10265,2,Network Switch,product,Product Revenue,2304.52
INV-10265,3,Onsite Support,service,Services Revenue,2940.29
INV-10265,4,Sales Tax,tax,Sales Tax Payable,173.3
INV-10266,1,Managed Services Agreement,service,Services Revenue,2274.81
INV-10266,2,Firewall Appliance,product,Product Revenue,2151.03
INV-10266,3,Project Labor,service,Services Revenue,1324.64
INV-10266,4,Sales Tax,tax,Sales Tax Payable,143.69
INV-10267,1,Managed Services Agreement,service,Services Revenue,2559.11
INV-10268,1,Project Labor,service,Services Revenue,1821.07
INV-10268,2,Onsite Support,service,Services Revenue,1197.48
INV-10268,3,Laptop,product,Product Revenue,835.96
INV-10268,4,Remote Support,service,Services Revenue,914.42
INV-10268,5,Sales Tax,tax,Sales Tax Payable,66.63
INV-10269,1,Network Switch,product,Product Revenue,1892.37
INV-10269,2,Sales Tax,tax,Sales Tax Payable,121.3
INV-10270,1,Firewall Appliance,product,Product Revenue,1557.18
INV-10270,2,Managed Services Agreement,service,Services Revenue,2354.54
INV-10270,3,Sales Tax,tax,Sales Tax Payable,94.52
INV-10271,1,Network Switch,product,Product Revenue,852.05
INV-10271,2,Software License,product,Product Revenue,1499.82
INV-10271,3,Sales Tax,tax,Sales Tax Payable,187.21
INV-10272,1,Firewall Appliance,product,Product Revenue,1989.36
INV-10272,2,Sales Tax,tax,Sales Tax Payable,155.77
INV-10273,1,Software License,product,Product Revenue,1912.3
INV-10273,2,Laptop,product,Product Revenue,1653.41
INV-10273,3,Sales Tax,tax,Sales Tax Payable,215.01
INV-10274,1,Onsite Support,service,Services Revenue,4053.51
INV-10274,2,Firewall Appliance,product,Product Revenue,778.39
INV-10274,3,Laptop,product,Product Revenue,1369.8
INV-10274,4,Software License,product,Product Revenue,1764.98
INV-10274,5,Sales Tax,tax,Sales Tax Payable,306.79
INV-10275,1,Firewall Appliance,product,Product Revenue,1485.3
INV-10275,2,Laptop,product,Product Revenue,818.83
INV-10275,3,Sales Tax,tax,Sales Tax Payable,158.29
INV-10276,1,Remote Support,service,Services Revenue,3166.37
INV-10276,2,Software License,product,Product Revenue,1622.2
INV-10276,3,Sales Tax,tax,Sales Tax Payable,126.86
INV-10277,1,Network Switch,product,Product Revenue,1945.87
INV-10277,2,Onsite Support,service,Services Revenue,1479.15
INV-10277,3,Software License,product,Product Revenue,1525.61
INV-10277,4,Managed Services Agreement,service,Services Revenue,2312.26
INV-10277,5,Sales Tax,tax,Sales Tax Payable,223.22
INV-10278,1,Software License,product,Product Revenue,1902.17
INV-10278,2,Laptop,product,Product Revenue,1642.23
INV-10278,3,Onsite Support,service,Services Revenue,1829.72
INV-10278,4,Sales Tax,tax,Sales Tax Payable,284.62
INV-10279,1,Firewall Appliance,product,Product Revenue,1958.6
INV-10279,2,Laptop,product,Product Revenue,1239.5
INV-10279,3,Project Labor,service,Services Revenue,3420.35
INV-10279,4,Software License,product,Product Revenue,846.02
INV-10279,5,Sales Tax,tax,Sales Tax Payable,330.81
INV-10280,1,Network Switch,product,Product Revenue,2194.71
INV-10280,2,Managed Services Agreement,service,Services Revenue,2333.1
INV-10280,3,Sales Tax,tax,Sales Tax Payable,159.77
INV-10281,1,Firewall Appliance,product,Product Revenue,1574.19
INV-10281,2,Sales Tax,tax,Sales Tax Payable,101.54
INV-10282,1,Firewall Appliance,product,Product Revenue,849.35
INV-10282,2,Network Switch,product,Product Revenue,2051.01
INV-10282,3,Sales Tax,tax,Sales Tax Payable,225.65
INV-10283,1,Firewall Appliance,product,Product Revenue,929.11
INV-10283,2,Sales Tax,tax,Sales Tax Payable,63.27
INV-10284,1,Remote Support,service,Services Revenue,2636.5
INV-10285,1,Laptop,product,Product Revenue,984.37
INV-10285,2,Onsite Support,service,Services Revenue,1934.32
INV-10285,3,Sales Tax,tax,Sales Tax Payable,71.07
INV-10286,1,Project Labor,service,Services Revenue,1217.22
INV-10286,2,Network Switch,product,Product Revenue,1937.01
INV-10286,3,Sales Tax,tax,Sales Tax Payable,141.98
INV-10287,1,Network Switch,product,Product Revenue,731.0
INV-10287,2,Laptop,product,Product Revenue,836.67
INV-10287,3,Managed Services Agreement,service,Services Revenue,3770.99
INV-10287,4,Sales Tax,tax,Sales Tax Payable,110.52
INV-10288,1,Software License,product,Product Revenue,1194.45
INV-10288,2,Sales Tax,tax,Sales Tax Payable,91.85
INV-10289,1,Firewall Appliance,product,Product Revenue,1307.58
INV-10289,2,Sales Tax,tax,Sales Tax Payable,100.95
INV-10290,1,Laptop,product,Product Revenue,2441.86
INV-10290,2,Software License,product,Product Revenue,2231.62
INV-10290,3,Sales Tax,tax,Sales Tax Payable,329.48
INV-10291,1,Remote Support,service,Services Revenue,1371.4
INV-10291,2,Laptop,product,Product Revenue,971.57
INV-10291,3,Sales Tax,tax,Sales Tax Payable,64.42
INV-10292,1,Remote Support,service,Services Revenue,4354.73
INV-10293,1,Onsite Support,service,Services Revenue,4188.09
INV-10293,2,Network Switch,product,Product Revenue,2111.21
INV-10293,3,Sales Tax,tax,Sales Tax Payable,163.62
INV-10294,1,Laptop,product,Product Revenue,266.71
INV-10294,2,Onsite Support,service,Services Revenue,3727.75
INV-10294,3,Remote Support,service,Services Revenue,3169.07
INV-10294,4,Managed Services Agreement,service,Services Revenue,4109.12
INV-10294,5,Sales Tax,tax,Sales Tax Payable,19.84
INV-10295,1,Project Labor,service,Services Revenue,1154.36
INV-10295,2,Onsite Support,service,Services Revenue,854.48
INV-10295,3,Network Switch,product,Product Revenue,1044.46
INV-10295,4,Sales Tax,tax,Sales Tax Payable,68.31
INV-10296,1,Laptop,product,Product Revenue,2111.32
INV-10296,2,Onsite Support,service,Services Revenue,1704.29
INV-10296,3,Firewall Appliance,product,Product Revenue,2042.47
INV-10296,4,Sales Tax,tax,Sales Tax Payable,297.41
INV-10297,1,Project Labor,service,Services Revenue,513.35
INV-10298,1,Software License,product,Product Revenue,1399.0
INV-10298,2,Sales Tax,tax,Sales Tax Payable,111.64
INV-10299,1,Onsite Support,service,Services Revenue,230.67
INV-10299,2,Project Labor,service,Services Revenue,1186.42
INV-10300,1,Remote Support,service,Services Revenue,3084.39
INV-10300,2,Firewall Appliance,product,Product Revenue,520.36
INV-10300,3,Onsite Support,service,Services Revenue,2779.39
INV-10300,4,Project Labor,service,Services Revenue,1700.77
INV-10300,5,Sales Tax,tax,Sales Tax Payable,40.54
INV-10301,1,Managed Services Agreement,service,Services Revenue,3467.97
INV-10301,2,Firewall Appliance,product,Product Revenue,499.81
INV-10301,3,Software License,product,Product Revenue,2407.5
INV-10301,4,Project Labor,service,Services Revenue,1654.84
INV-10301,5,Sales Tax,tax,Sales Tax Payable,211.65
INV-10302,1,Laptop,product,Product Revenue,527.28
INV-10302,2,Onsite Support,service,Services Revenue,3508.94
INV-10302,3,Software License,product,Product Revenue,797.45
INV-10302,4,Sales Tax,tax,Sales Tax Payable,99.09
INV-10303,1,Network Switch,product,Product Revenue,1153.24
INV-10303,2,Firewall Appliance,product,Product Revenue,420.26
INV-10303,3,Sales Tax,tax,Sales Tax Payable,94.88
INV-10304,1,Onsite Support,service,Services Revenue,615.66
INV-10304,2,Software License,product,Product Revenue,1277.94
INV-10304,3,Network Switch,product,Product Revenue,203.22
INV-10304,4,Sales Tax,tax,Sales Tax Payable,101.76
INV-10305,1,Project Labor,service,Services Revenue,2875.83
INV-10305,2,Remote Support,service,Services Revenue,2259.65
INV-10305,3,Laptop,product,Product Revenue,962.22
INV-10305,4,Software License,product,Product Revenue,757.52
INV-10305,5,Sales Tax,tax,Sales Tax Payable,114.88
INV-10306,1,Onsite Support,service,Services Revenue,2655.45
INV-10307,1,Onsite Support,service,Services Revenue,3353.04
INV-10307,2,Remote Support,service,Services Revenue,1626.14
INV-10307,3,Firewall Appliance,product,Product Revenue,2124.79
INV-10307,4,Software License,product,Product Revenue,1056.53
INV-10307,5,Sales Tax,tax,Sales Tax Payable,255.46
INV-10308,1,Network Switch,product,Product Revenue,254.55
INV-10308,2,Sales Tax,tax,Sales Tax Payable,19.73
INV-10309,1,Managed Services Agreement,service,Services Revenue,930.75
INV-10310,1,Network Switch,product,Product Revenue,963.77
INV-10310,2,Project Labor,service,Services Revenue,3307.26
INV-10310,3,Sales Tax,tax,Sales Tax Payable,65.63
INV-10311,1,Network Switch,product,Product Revenue,614.74
INV-10311,2,Firewall Appliance,product,Product Revenue,1791.46
INV-10311,3,Remote Support,service,Services Revenue,654.33
INV-10311,4,Sales Tax,tax,Sales Tax Payable,189.37
INV-10312,1,Managed Services Agreement,service,Services Revenue,2915.22
INV-10312,2,Firewall Appliance,product,Product Revenue,1329.68
INV-10312,3,Sales Tax,tax,Sales Tax Payable,97.47
INV-10313,1,Network Switch,product,Product Revenue,2211.54
INV-10313,2,Onsite Support,service,Services Revenue,1853.18
INV-10313,3,Laptop,product,Product Revenue,298.88
INV-10313,4,Project Labor,service,Services Revenue,4067.41
INV-10313,5,Sales Tax,tax,Sales Tax Payable,203.34
INV-10314,1,Laptop,product,Product Revenue,2124.97
INV-10314,2,Sales Tax,tax,Sales Tax Payable,128.99
INV-10315,1,Remote Support,service,Services Revenue,2310.67
INV-10315,2,Project Labor,service,Services Revenue,2193.49
INV-10315,3,Onsite Support,service,Services Revenue,3028.12
INV-10316,1,Network Switch,product,Product Revenue,1834.57
INV-10316,2,Project Labor,service,Services Revenue,3412.37
INV-10316,3,Onsite Support,service,Services Revenue,2082.4
INV-10316,4,Managed Services Agreement,service,Services Revenue,597.05
INV-10316,5,Sales Tax,tax,Sales Tax Payable,150.07
INV-10317,1,Software License,product,Product Revenue,1566.59
INV-10317,2,Sales Tax,tax,Sales Tax Payable,118.12
INV-10318,1,Software License,product,Product Revenue,2358.72
INV-10318,2,Laptop,product,Product Revenue,2309.26
INV-10318,3,Network Switch,product,Product Revenue,514.25
INV-10318,4,Onsite Support,service,Services Revenue,3894.45
INV-10318,5,Sales Tax,tax,Sales Tax Payable,398.51
INV-10319,1,Software License,product,Product Revenue,579.93
INV-10319,2,Onsite Support,service,Services Revenue,1556.51
INV-10319,3,Sales Tax,tax,Sales Tax Payable,35.38
INV-10320,1,Onsite Support,service,Services Revenue,4475.37
INV-10320,2,Firewall Appliance,product,Product Revenue,2148.22
INV-10320,3,Sales Tax,tax,Sales Tax Payable,165.84
INV-10321,1,Onsite Support,service,Services Revenue,3053.33
INV-10322,1,Laptop,product,Product Revenue,399.08
INV-10322,2,Remote Support,service,Services Revenue,2987.37
INV-10322,3,Sales Tax,tax,Sales Tax Payable,31.85
INV-10323,1,Project Labor,service,Services Revenue,569.72
INV-10323,2,Remote Support,service,Services Revenue,532.37
INV-10324,1,Remote Support,service,Services Revenue,3479.15
INV-10324,2,Managed Services Agreement,service,Services Revenue,682.43
INV-10324,3,Firewall Appliance,product,Product Revenue,182.47
INV-10324,4,Sales Tax,tax,Sales Tax Payable,12.1
INV-10325,1,Remote Support,service,Services Revenue,3585.63
INV-10325,2,Project Labor,service,Services Revenue,319.66
INV-10325,3,Firewall Appliance,product,Product Revenue,2117.66
INV-10325,4,Sales Tax,tax,Sales Tax Payable,164.75
INV-10326,1,Remote Support,service,Services Revenue,2419.08
INV-10326,2,Laptop,product,Product Revenue,1513.87
INV-10326,3,Sales Tax,tax,Sales Tax Payable,112.63
INV-10327,1,Firewall Appliance,product,Product Revenue,1428.5
INV-10327,2,Software License,product,Product Revenue,1872.75
INV-10327,3,Sales Tax,tax,Sales Tax Payable,211.61
INV-10328,1,Managed Services Agreement,service,Services Revenue,3347.52
INV-10329,1,Firewall Appliance,product,Product Revenue,1775.16
INV-10329,2,Managed Services Agreement,service,Services Revenue,699.19
INV-10329,3,Network Switch,product,Product Revenue,1384.15
INV-10329,4,Sales Tax,tax,Sales Tax Payable,247.69
INV-10330,1,Network Switch,product,Product Revenue,719.36
INV-10330,2,Project Labor,service,Services Revenue,578.46
INV-10330,3,Firewall Appliance,product,Product Revenue,913.07
INV-10330,4,Sales Tax,tax,Sales Tax Payable,129.94
INV-10331,1,Software License,product,Product Revenue,978.49
INV-10331,2,Project Labor,service,Services Revenue,1227.86
INV-10331,3,Laptop,product,Product Revenue,847.62
INV-10331,4,Remote Support,service,Services Revenue,366.72
INV-10331,5,Sales Tax,tax,Sales Tax Payable,142.98
INV-10332,1,Managed Services Agreement,service,Services Revenue,3380.3
INV-10332,2,Firewall Appliance,product,Product Revenue,2112.47
INV-10332,3,Sales Tax,tax,Sales Tax Payable,158.86
INV-10333,1,Remote Support,service,Services Revenue,1314.27
INV-10333,2,Software License,product,Product Revenue,1063.74
INV-10333,3,Network Switch,product,Product Revenue,742.67
INV-10333,4,Laptop,product,Product Revenue,565.69
INV-10333,5,Sales Tax,tax,Sales Tax Payable,161.54
INV-10334,1,Laptop,product,Product Revenue,982.52
INV-10334,2,Firewall Appliance,product,Product Revenue,2263.2
INV-10334,3,Project Labor,service,Services Revenue,4440.32
INV-10334,4,Sales Tax,tax,Sales Tax Payable,212.27
INV-10335,1,Managed Services Agreement,service,Services Revenue,1121.4
INV-10335,2,Remote Support,service,Services Revenue,1273.84
INV-10335,3,Project Labor,service,Services Revenue,4358.5
INV-10336,1,Onsite Support,service,Services Revenue,997.12
INV-10336,2,Laptop,product,Product Revenue,1576.45
INV-10336,3,Sales Tax,tax,Sales Tax Payable,118.86
INV-10337,1,Firewall Appliance,product,Product Revenue,1134.77
INV-10337,2,Sales Tax,tax,Sales Tax Payable,91.92
INV-10338,1,Laptop,product,Product Revenue,474.36
INV-10338,2,Sales Tax,tax,Sales Tax Payable,31.02
INV-10339,1,Firewall Appliance,product,Product Revenue,2455.73
INV-10339,2,Project Labor,service,Services Revenue,3591.19
INV-10339,3,Sales Tax,tax,Sales Tax Payable,192.53
INV-10340,1,Network Switch,product,Product Revenue,1066.45
INV-10340,2,Laptop,product,Product Revenue,1242.95
INV-10340,3,Software License,product,Product Revenue,1235.51
INV-10340,4,Project Labor,service,Services Revenue,1361.54
INV-10340,5,Sales Tax,tax,Sales Tax Payable,289.97
INV-10341,1,Remote Support,service,Services Revenue,2585.93
INV-10342,1,Firewall Appliance,product,Product Revenue,1342.96
INV-10342,2,Project Labor,service,Services Revenue,285.77
INV-10342,3,Sales Tax,tax,Sales Tax Payable,105.02
INV-10343,1,Network Switch,product,Product Revenue,470.65
INV-10343,2,Laptop,product,Product Revenue,1938.93
INV-10343,3,Software License,product,Product Revenue,1402.56
INV-10343,4,Sales Tax,tax,Sales Tax Payable,304.21
INV-10344,1,Laptop,product,Product Revenue,1033.67
INV-10344,2,Sales Tax,tax,Sales Tax Payable,75.77
INV-10345,1,Software License,product,Product Revenue,1645.04
INV-10345,2,Network Switch,product,Product Revenue,257.7
INV-10345,3,Managed Services Agreement,service,Services Revenue,1122.4
INV-10345,4,Laptop,product,Product Revenue,394.44
INV-10345,5,Sales Tax,tax,Sales Tax Payable,164.48
INV-10346,1,Onsite Support,service,Services Revenue,2640.19
INV-10346,2,Software License,product,Product Revenue,1753.55
INV-10346,3,Network Switch,product,Product Revenue,795.75
INV-10346,4,Sales Tax,tax,Sales Tax Payable,203.18
INV-10347,1,Managed Services Agreement,service,Services Revenue,1579.03
INV-10347,2,Project Labor,service,Services Revenue,1177.11
INV-10348,1,Onsite Support,service,Services Revenue,2908.61
INV-10349,1,Onsite Support,service,Services Revenue,1436.23
INV-10349,2,Project Labor,service,Services Revenue,3892.5
INV-10350,1,Remote Support,service,Services Revenue,4138.63
INV-10350,2,Laptop,product,Product Revenue,1276.0
INV-10350,3,Project Labor,service,Services Revenue,1320.93
INV-10350,4,Managed Services Agreement,service,Services Revenue,281.31
INV-10350,5,Sales Tax,tax,Sales Tax Payable,101.57
INV-10351,1,Firewall Appliance,product,Product Revenue,940.96
INV-10351,2,Network Switch,product,Product Revenue,2162.17
INV-10351,3,Project Labor,service,Services Revenue,3138.08
INV-10351,4,Sales Tax,tax,Sales Tax Payable,221.56
INV-10352,1,Laptop,product,Product Revenue,856.06
INV-10352,2,Remote Support,service,Services Revenue,2984.93
INV-10352,3,Network Switch,product,Product Revenue,505.67
INV-10352,4,Software License,product,Product Revenue,1599.51
INV-10352,5,Sales Tax,tax,Sales Tax Payable,220.32
INV-10353,1,Firewall Appliance,product,Product Revenue,1788.54
INV-10353,2,Laptop,product,Product Revenue,1982.88
INV-10353,3,Managed Services Agreement,service,Services Revenue,3783.57
INV-10353,4,Sales Tax,tax,Sales Tax Payable,272.3
INV-10354,1,Firewall Appliance,product,Product Revenue,334.7
INV-10354,2,Remote Support,service,Services Revenue,2182.52
INV-10354,3,Project Labor,service,Services Revenue,889.53
INV-10354,4,Sales Tax,tax,Sales Tax Payable,26.34
INV-10355,1,Onsite Support,service,Services Revenue,2447.7
INV-10355,2,Laptop,product,Product Revenue,556.83
INV-10355,3,Sales Tax,tax,Sales Tax Payable,41.65
INV-10356,1,Firewall Appliance,product,Product Revenue,1721.42
INV-10356,2,Project Labor,service,Services Revenue,3854.25
INV-10356,3,Network Switch,product,Product Revenue,1102.85
INV-10356,4,Software License,product,Product Revenue,2311.15
INV-10356,5,Sales Tax,tax,Sales Tax Payable,311.72
INV-10357,1,Laptop,product,Product Revenue,707.03
INV-10357,2,Firewall Appliance,product,Product Revenue,1550.91
INV-10357,3,Remote Support,service,Services Revenue,4224.33
INV-10357,4,Software License,product,Product Revenue,1258.67
INV-10357,5,Sales Tax,tax,Sales Tax Payable,234.91
INV-10358,1,Software License,product,Product Revenue,409.61
INV-10358,2,Managed Services Agreement,service,Services Revenue,975.58
INV-10358,3,Onsite Support,service,Services Revenue,3474.06
INV-10358,4,Project Labor,service,Services Revenue,437.51
INV-10358,5,Sales Tax,tax,Sales Tax Payable,27.16
INV-10359,1,Firewall Appliance,product,Product Revenue,1983.89
INV-10359,2,Onsite Support,service,Services Revenue,910.37
INV-10359,3,Sales Tax,tax,Sales Tax Payable,144.43
INV-10360,1,Software License,product,Product Revenue,2217.9
INV-10360,2,Laptop,product,Product Revenue,2348.78
INV-10360,3,Managed Services Agreement,service,Services Revenue,2949.23
INV-10360,4,Remote Support,service,Services Revenue,4159.66
INV-10360,5,Sales Tax,tax,Sales Tax Payable,352.55
INV-10361,1,Laptop,product,Product Revenue,1908.7
INV-10361,2,Project Labor,service,Services Revenue,1632.14
INV-10361,3,Software License,product,Product Revenue,2047.57
INV-10361,4,Managed Services Agreement,service,Services Revenue,565.67
INV-10361,5,Sales Tax,tax,Sales Tax Payable,256.37
INV-10362,1,Software License,product,Product Revenue,2160.03
INV-10362,2,Laptop,product,Product Revenue,1042.96
INV-10362,3,Managed Services Agreement,service,Services Revenue,4249.72
INV-10362,4,Sales Tax,tax,Sales Tax Payable,225.81
INV-10363,1,Remote Support,service,Services Revenue,4149.49
INV-10364,1,Project Labor,service,Services Revenue,2203.12
INV-10365,1,Laptop,product,Product Revenue,434.14
INV-10365,2,Remote Support,service,Services Revenue,3774.52
INV-10365,3,Onsite Support,service,Services Revenue,2541.6
INV-10365,4,Sales Tax,tax,Sales Tax Payable,30.61
INV-10366,1,Onsite Support,service,Services Revenue,2614.19
INV-10366,2,Remote Support,service,Services Revenue,1112.66
INV-10366,3,Laptop,product,Product Revenue,778.51
INV-10366,4,Sales Tax,tax,Sales Tax Payable,49.9
INV-10367,1,Remote Support,service,Services Revenue,1935.77
INV-10367,2,Network Switch,product,Product Revenue,766.39
INV-10367,3,Software License,product,Product Revenue,2195.87
INV-10367,4,Sales Tax,tax,Sales Tax Payable,186.62
INV-10368,1,Network Switch,product,Product Revenue,1069.38
INV-10368,2,Sales Tax,tax,Sales Tax Payable,85.87
INV-10369,1,Managed Services Agreement,service,Services Revenue,3255.99
INV-10369,2,Software License,product,Product Revenue,319.7
INV-10369,3,Network Switch,product,Product Revenue,347.26
INV-10369,4,Laptop,product,Product Revenue,1966.08
INV-10369,5,Sales Tax,tax,Sales Tax Payable,204.85
INV-10370,1,Software License,product,Product Revenue,1548.82
INV-10370,2,Project Labor,service,Services Revenue,1110.84
INV-10370,3,Laptop,product,Product Revenue,1719.91
INV-10370,4,Managed Services Agreement,service,Services Revenue,3229.04
INV-10370,5,Sales Tax,tax,Sales Tax Payable,253.33
INV-10371,1,Software License,product,Product Revenue,2366.32
INV-10371,2,Sales Tax,tax,Sales Tax Payable,168.96
INV-10372,1,Onsite Support,service,Services Revenue,633.48
INV-10372,2,Firewall Appliance,product,Product Revenue,1692.35
INV-10372,3,Sales Tax,tax,Sales Tax Payable,130.65
INV-10373,1,Network Switch,product,Product Revenue,1138.84
INV-10373,2,Managed Services Agreement,service,Services Revenue,1105.69
INV-10373,3,Sales Tax,tax,Sales Tax Payable,68.67
INV-10374,1,Remote Support,service,Services Revenue,3054.26
INV-10374,2,Laptop,product,Product Revenue,1781.51
INV-10374,3,Sales Tax,tax,Sales Tax Payable,115.44
INV-10375,1,Managed Services Agreement,service,Services Revenue,4435.32
INV-10375,2,Firewall Appliance,product,Product Revenue,2067.61
INV-10375,3,Sales Tax,tax,Sales Tax Payable,125.5
INV-10376,1,Firewall Appliance,product,Product Revenue,1632.43
INV-10376,2,Sales Tax,tax,Sales Tax Payable,105.29
INV-10377,1,Remote Support,service,Services Revenue,1588.93
INV-10378,1,Onsite Support,service,Services Revenue,159.17
INV-10379,1,Network Switch,product,Product Revenue,1527.74
INV-10379,2,Software License,product,Product Revenue,2211.3
INV-10379,3,Managed Services Agreement,service,Services Revenue,3868.19
INV-10379,4,Project Labor,service,Services Revenue,4364.02
INV-10379,5,Sales Tax,tax,Sales Tax Payable,263.6
INV-10380,1,Managed Services Agreement,service,Services Revenue,3889.3
INV-10380,2,Project Labor,service,Services Revenue,2793.03
INV-10381,1,Network Switch,product,Product Revenue,2221.68
INV-10381,2,Managed Services Agreement,service,Services Revenue,1514.75
INV-10381,3,Sales Tax,tax,Sales Tax Payable,145.3
INV-10382,1,Project Labor,service,Services Revenue,2181.3
INV-10382,2,Network Switch,product,Product Revenue,2232.34
INV-10382,3,Software License,product,Product Revenue,269.38
INV-10382,4,Sales Tax,tax,Sales Tax Payable,188.13
INV-10383,1,Project Labor,service,Services Revenue,4456.98
INV-10383,2,Firewall Appliance,product,Product Revenue,1633.71
INV-10383,3,Network Switch,product,Product Revenue,1927.97
INV-10383,4,Sales Tax,tax,Sales Tax Payable,236.14
INV-10384,1,Onsite Support,service,Services Revenue,4334.78
INV-10385,1,Network Switch,product,Product Revenue,1968.85
INV-10385,2,Managed Services Agreement,service,Services Revenue,2548.54
INV-10385,3,Sales Tax,tax,Sales Tax Payable,142.15
INV-10386,1,Network Switch,product,Product Revenue,1725.86
INV-10386,2,Onsite Support,service,Services Revenue,1087.99
INV-10386,3,Laptop,product,Product Revenue,1829.82
INV-10386,4,Sales Tax,tax,Sales Tax Payable,276.99
INV-10387,1,Onsite Support,service,Services Revenue,4307.64
INV-10387,2,Remote Support,service,Services Revenue,1145.12
INV-10388,1,Laptop,product,Product Revenue,1946.81
INV-10388,2,Sales Tax,tax,Sales Tax Payable,153.21
INV-10389,1,Project Labor,service,Services Revenue,2535.3
INV-10389,2,Remote Support,service,Services Revenue,2212.55
INV-10390,1,Software License,product,Product Revenue,2289.41
INV-10390,2,Sales Tax,tax,Sales Tax Payable,182.24
INV-10391,1,Network Switch,product,Product Revenue,1986.16
INV-10391,2,Sales Tax,tax,Sales Tax Payable,129.89
INV-10392,1,Project Labor,service,Services Revenue,2458.77
INV-10393,1,Firewall Appliance,product,Product Revenue,1660.0
INV-10393,2,Sales Tax,tax,Sales Tax Payable,135.79
INV-10394,1,Firewall Appliance,product,Product Revenue,2391.22
INV-10394,2,Laptop,product,Product Revenue,307.03
INV-10394,3,Network Switch,product,Product Revenue,1052.73
INV-10394,4,Software License,product,Product Revenue,2381.59
INV-10394,5,Sales Tax,tax,Sales Tax Payable,480.79
INV-10395,1,Remote Support,service,Services Revenue,1760.1
INV-10395,2,Laptop,product,Product Revenue,1364.43
INV-10395,3,Network Switch,product,Product Revenue,2287.7
INV-10395,4,Sales Tax,tax,Sales Tax Payable,265.88
INV-10396,1,Managed Services Agreement,service,Services Revenue,1786.89
INV-10396,2,Firewall Appliance,product,Product Revenue,2133.87
INV-10396,3,Network Switch,product,Product Revenue,2373.16
INV-10396,4,Sales Tax,tax,Sales Tax Payable,349.29
INV-10397,1,Remote Support,service,Services Revenue,4028.68
INV-10397,2,Network Switch,product,Product Revenue,2211.69
INV-10397,3,Sales Tax,tax,Sales Tax Payable,172.07
INV-10398,1,Project Labor,service,Services Revenue,1559.88
INV-10399,1,Remote Support,service,Services Revenue,3374.93
INV-10399,2,Laptop,product,Product Revenue,341.59
INV-10399,3,Network Switch,product,Product Revenue,647.76
INV-10399,4,Sales Tax,tax,Sales Tax Payable,80.14
INV-10400,1,Network Switch,product,Product Revenue,1196.19
INV-10400,2,Managed Services Agreement,service,Services Revenue,1339.85
INV-10400,3,Sales Tax,tax,Sales Tax Payable,93.66
INV-10401,1,Software License,product,Product Revenue,1344.45
INV-10401,2,Project Labor,service,Services Revenue,4222.8
INV-10401,3,Managed Services Agreement,service,Services Revenue,1104.52
INV-10401,4,Onsite Support,service,Services Revenue,4361.66
INV-10401,5,Sales Tax,tax,Sales Tax Payable,98.55
INV-10402,1,Firewall Appliance,product,Product Revenue,1103.47
INV-10402,2,Remote Support,service,Services Revenue,1309.23
INV-10402,3,Laptop,product,Product Revenue,188.94
INV-10402,4,Sales Tax,tax,Sales Tax Payable,91.11
INV-10403,1,Remote Support,service,Services Revenue,2688.21
INV-10404,1,Laptop,product,Product Revenue,411.55
INV-10404,2,Firewall Appliance,product,Product Revenue,436.57
INV-10404,3,Managed Services Agreement,service,Services Revenue,1461.23
INV-10404,4,Sales Tax,tax,Sales Tax Payable,63.95
INV-10405,1,Software License,product,Product Revenue,825.15
INV-10405,2,Remote Support,service,Services Revenue,2381.28
INV-10405,3,Project Labor,service,Services Revenue,2148.06
INV-10405,4,Firewall Appliance,product,Product Revenue,1474.29
INV-10405,5,Sales Tax,tax,Sales Tax Payable,183.5
INV-10406,1,Onsite Support,service,Services Revenue,1799.2
INV-10406,2,Software License,product,Product Revenue,1143.63
INV-10406,3,Managed Services Agreement,service,Services Revenue,1899.61
INV-10406,4,Laptop,product,Product Revenue,601.29
INV-10406,5,Sales Tax,tax,Sales Tax Payable,118.83
INV-10407,1,Project Labor,service,Services Revenue,160.51
INV-10408,1,Managed Services Agreement,service,Services Revenue,580.19
INV-10408,2,Laptop,product,Product Revenue,1885.73
INV-10408,3,Onsite Support,service,Services Revenue,2468.12
INV-10408,4,Software License,product,Product Revenue,1764.32
INV-10408,5,Sales Tax,tax,Sales Tax Payable,285.43
INV-10409,1,Project Labor,service,Services Revenue,1775.2
INV-10409,2,Network Switch,product,Product Revenue,1006.15
INV-10409,3,Managed Services Agreement,service,Services Revenue,4044.78
INV-10409,4,Software License,product,Product Revenue,1382.08
INV-10409,5,Sales Tax,tax,Sales Tax Payable,187.0
INV-10410,1,Onsite Support,service,Services Revenue,2026.72
INV-10410,2,Managed Services Agreement,service,Services Revenue,852.88
INV-10410,3,Project Labor,service,Services Revenue,3751.74
INV-10410,4,Software License,product,Product Revenue,2439.91
INV-10410,5,Sales Tax,tax,Sales Tax Payable,174.21
INV-10411,1,Laptop,product,Product Revenue,270.71
INV-10411,2,Onsite Support,service,Services Revenue,528.95
INV-10411,3,Remote Support,service,Services Revenue,2059.73
INV-10411,4,Sales Tax,tax,Sales Tax Payable,16.43
INV-10412,1,Project Labor,service,Services Revenue,4204.48
INV-10412,2,Managed Services Agreement,service,Services Revenue,471.05
INV-10413,1,Software License,product,Product Revenue,1031.94
INV-10413,2,Firewall Appliance,product,Product Revenue,2489.41
INV-10413,3,Onsite Support,service,Services Revenue,3111.13
INV-10413,4,Laptop,product,Product Revenue,1101.88
INV-10413,5,Sales Tax,tax,Sales Tax Payable,325.94
INV-10414,1,Project Labor,service,Services Revenue,1056.27
INV-10414,2,Remote Support,service,Services Revenue,2998.09
INV-10415,1,Managed Services Agreement,service,Services Revenue,247.04
INV-10416,1,Remote Support,service,Services Revenue,3251.27
INV-10417,1,Network Switch,product,Product Revenue,1817.77
INV-10417,2,Sales Tax,tax,Sales Tax Payable,118.88
INV-10418,1,Managed Services Agreement,service,Services Revenue,455.34
INV-10418,2,Firewall Appliance,product,Product Revenue,1147.17
INV-10418,3,Laptop,product,Product Revenue,690.76
INV-10418,4,Sales Tax,tax,Sales Tax Payable,115.79
INV-10419,1,Laptop,product,Product Revenue,1443.46
INV-10419,2,Software License,product,Product Revenue,1818.5
INV-10419,3,Network Switch,product,Product Revenue,2129.71
INV-10419,4,Sales Tax,tax,Sales Tax Payable,429.72
INV-10420,1,Onsite Support,service,Services Revenue,4110.55
INV-10420,2,Project Labor,service,Services Revenue,2491.64
INV-10421,1,Network Switch,product,Product Revenue,187.4
INV-10421,2,Onsite Support,service,Services Revenue,2413.37
INV-10421,3,Software License,product,Product Revenue,848.11
INV-10421,4,Sales Tax,tax,Sales Tax Payable,83.88
INV-10422,1,Network Switch,product,Product Revenue,493.85
INV-10422,2,Managed Services Agreement,service,Services Revenue,2405.86
INV-10422,3,Project Labor,service,Services Revenue,2069.98
INV-10422,4,Sales Tax,tax,Sales Tax Payable,37.14
INV-10423,1,Network Switch,product,Product Revenue,2374.67
INV-10423,2,Firewall Appliance,product,Product Revenue,2451.81
INV-10423,3,Software License,product,Product Revenue,2170.34
INV-10423,4,Sales Tax,tax,Sales Tax Payable,572.34
INV-10424,1,Project Labor,service,Services Revenue,367.88
INV-10424,2,Onsite Support,service,Services Revenue,1096.46
INV-10424,3,Firewall Appliance,product,Product Revenue,1585.55
INV-10424,4,Software License,product,Product Revenue,618.51
INV-10424,5,Sales Tax,tax,Sales Tax Payable,176.99
INV-10425,1,Project Labor,service,Services Revenue,2328.55
INV-10426,1,Firewall Appliance,product,Product Revenue,1300.7
INV-10426,2,Software License,product,Product Revenue,1749.48
INV-10426,3,Sales Tax,tax,Sales Tax Payable,218.39
INV-10427,1,Software License,product,Product Revenue,2069.99
INV-10427,2,Laptop,product,Product Revenue,1726.62
INV-10427,3,Sales Tax,tax,Sales Tax Payable,291.96
INV-10428,1,Laptop,product,Product Revenue,786.28
INV-10428,2,Managed Services Agreement,service,Services Revenue,1186.88
INV-10428,3,Onsite Support,service,Services Revenue,598.75
INV-10428,4,Sales Tax,tax,Sales Tax Payable,53.55
INV-10429,1,Managed Services Agreement,service,Services Revenue,3651.66
INV-10429,2,Software License,product,Product Revenue,1082.43
INV-10429,3,Onsite Support,service,Services Revenue,2090.79
INV-10429,4,Firewall Appliance,product,Product Revenue,1633.44
INV-10429,5,Sales Tax,tax,Sales Tax Payable,212.92
INV-10430,1,Software License,product,Product Revenue,1783.58
INV-10430,2,Managed Services Agreement,service,Services Revenue,3678.87
INV-10430,3,Firewall Appliance,product,Product Revenue,284.98
INV-10430,4,Laptop,product,Product Revenue,2178.76
INV-10430,5,Sales Tax,tax,Sales Tax Payable,272.25
INV-10431,1,Network Switch,product,Product Revenue,2063.38
INV-10431,2,Firewall Appliance,product,Product Revenue,247.44
INV-10431,3,Software License,product,Product Revenue,2338.15
INV-10431,4,Sales Tax,tax,Sales Tax Payable,358.9
INV-10432,1,Laptop,product,Product Revenue,1183.88
INV-10432,2,Sales Tax,tax,Sales Tax Payable,91.75
INV-10433,1,Onsite Support,service,Services Revenue,4147.72
INV-10433,2,Remote Support,service,Services Revenue,4357.49
INV-10434,1,Firewall Appliance,product,Product Revenue,373.11
INV-10434,2,Sales Tax,tax,Sales Tax Payable,27.35
INV-10435,1,Remote Support,service,Services Revenue,3150.03
INV-10435,2,Project Labor,service,Services Revenue,228.22
INV-10436,1,Managed Services Agreement,service,Services Revenue,2802.77
INV-10437,1,Onsite Support,service,Services Revenue,2172.64
INV-10437,2,Software License,product,Product Revenue,997.47
INV-10437,3,Laptop,product,Product Revenue,710.92
INV-10437,4,Firewall Appliance,product,Product Revenue,303.47
INV-10437,5,Sales Tax,tax,Sales Tax Payable,151.69
INV-10438,1,Software License,product,Product Revenue,1530.1
INV-10438,2,Managed Services Agreement,service,Services Revenue,4305.49
INV-10438,3,Sales Tax,tax,Sales Tax Payable,110.47
INV-10439,1,Managed Services Agreement,service,Services Revenue,1414.93
INV-10439,2,Network Switch,product,Product Revenue,2178.0
INV-10439,3,Project Labor,service,Services Revenue,2249.84
INV-10439,4,Sales Tax,tax,Sales Tax Payable,140.48
INV-10440,1,Remote Support,service,Services Revenue,2906.8
INV-10440,2,Project Labor,service,Services Revenue,321.27
INV-10440,3,Onsite Support,service,Services Revenue,1341.23
INV-10441,1,Software License,product,Product Revenue,1831.53
INV-10441,2,Firewall Appliance,product,Product Revenue,2350.15
INV-10441,3,Laptop,product,Product Revenue,1024.29
INV-10441,4,Onsite Support,service,Services Revenue,2190.83
INV-10441,5,Sales Tax,tax,Sales Tax Payable,405.55
INV-10442,1,Remote Support,service,Services Revenue,3549.88
INV-10443,1,Managed Services Agreement,service,Services Revenue,2133.81
INV-10444,1,Project Labor,service,Services Revenue,1869.23
INV-10444,2,Network Switch,product,Product Revenue,2131.22
INV-10444,3,Remote Support,service,Services Revenue,4230.11
INV-10444,4,Sales Tax,tax,Sales Tax Payable,128.51
INV-10445,1,Laptop,product,Product Revenue,838.65
INV-10445,2,Sales Tax,tax,Sales Tax Payable,61.05
INV-10279,6,Firewall Appliance,product,Product Revenue,1958.6
INV-10299,3,Onsite Support,service,Services Revenue,230.67
INV-10374,4,Remote Support,service,Services Revenue,3054.26
