doc_number,anomaly_score
INV-10113,0.1606283812608298
INV-10374,0.1382074145395391
INV-10159,0.13703113751246299
INV-10033,0.13675893118022353
10140,0.12354178007854943
INV-10299,0.11906005759536886
10416,0.11538111108897942
INV-10269,0.10998385322420312
INV-10407,0.10569983022676843
INV-10279,0.10144817390695293
10283,0.09978896731344666
INV-10048,0.09751181960502908
INV-10294,0.09480795779120421
INV-10088,0.09409252015210601
INV-10052,0.09274721210253911
INV-10360,0.09183318057040135
INV-10345,0.09090155868907435
INV-10398,0.08748288020960737
INV-10334-1,0.08685246084269693
INV-10296,0.08659386962670068
INV-10146,0.08160528443758341
INV-10236-1,0.07893363857117652
INV-10160,0.07796592895217047
10442,0.07743794391942371
INV-10267,0.0769200851945897
INV-10338,0.07640551913122895
INV-10254,0.07512629311928154
INV-10395-1,0.07405439085401444
INV-10163,0.0732164136472947
INV-10379,0.07234358403155128
INV-10441,0.07196433872223951
INV-10363,0.06942777068624506
INV-10075,0.0691174478220602
INV-10164-1,0.06818386403174581
INV-10105-1,0.06774371321954464
INV-10008,0.06760746023124697
INV-10019,0.06719385676822487
INV-10443,0.06671711559267024
INV-10093,0.06671711559267024
INV-10371,0.0638240358783504
INV-10410,0.06275703942403044
INV-10129,0.06208777161996182
10030,0.06046969803899094
INV-10139-1,0.06021366242300996
INV-10418,0.06018445831185415
INV-10190,0.05942438845218756
INV-10298-1,0.05843967906819825
INV-10182,0.058090927598801745
INV-10402,0.056903657693221366
INV-10103,0.056658921234723714
10438,0.055371958785408015
10210,0.05496695596977963
10092,0.054548660406505856
INV-10435,0.054004707144791664
INV-10430,0.04895894536669709
INV-10128,0.047185205527881524
INV-10029,0.047182745187379416
INV-10194,0.045262885930461905
INV-10148,0.04440391568324442
INV-10271,0.044307668788387544
INV-10339,0.04325414854588561
INV-10064,0.041014984151555356
INV-10399,0.04060116263655533
INV-10077,0.037617890448378266
INV-10322,0.037320205130506934
INV-10028,0.03705008450280989
INV-10429,0.03692209187023621
INV-10220,0.03624259689561948
INV-10255,0.03496722621462911
INV-10428,0.03488565697202217
INV-10365,0.034845292706984554
INV-10051,0.03466129131666773
INV-10063,0.034247829612693126
INV-10167,0.03399820911990603
INV-10173,0.03394164064660876
INV-10056,0.03374391655342601
INV-10142,0.030373138805774635
INV-10356,0.02922252996298791
INV-10192,0.028817030332823457
INV-10020,0.028683563122807065
INV-10131,0.028393155689413807
INV-10323,0.028291887859828613
INV-10232,0.028261341663022743
INV-10216,0.02653109144891852
INV-10133,0.02640838760580655
INV-10009,0.026242575563695247
INV-10036,0.025901198110884538
INV-10291,0.025897901850251426
INV-10313,0.02413891769760068
INV-10348,0.02412243282931492
INV-10135,0.023941919479547935
INV-10012,0.023508755900826572
INV-10084,0.021469124106303417
INV-10166,0.02086504886500562
INV-10021,0.020731303594153982
INV-10065,0.009873852777524506
INV-10247,0.00614711621399755
INV-10327,0.004367341482788278
INV-10112,0.0043580333613433275
INV-10281,0.002797346650953103
INV-10261,-0.0004726586254282239
INV-10206,-0.008097109982516837
INV-10445,-0.010611163533213785
INV-10158,-0.012116101627228593
INV-10226,-0.012187418125349625
INV-10225,-0.027219290730835344
INV-10321,-0.029724101435122552
INV-10233,-0.045777090415448474
INV-10260,-0.04871335225600221
INV-10308,-0.05327362797796442
INV-10219,-0.0561243061998446
INV-10415,-0.06566321694412391
INV-10222,-0.06745730411817769
INV-10032,-0.06807589679915776
INV-10218,-0.07130527895198818
INV-10378,-0.07177353787542107
INV-10377,-0.07402146077069166
INV-10251,-0.07414195938661816
INV-10262,-0.07428628314158131
INV-10231,-0.07669744129240619
INV-10242,-0.08039846674869094
INV-10085,-0.0825001463474383
INV-10087,-0.08258782471032494
INV-10306,-0.08343320291879674
INV-10341,-0.08556840347739181
INV-10309,-0.08602329006407239
INV-10384,-0.08739092199209031
INV-10127,-0.0883889508123647
INV-10434,-0.09019184632568805
INV-10058,-0.09331241591201361
INV-10120,-0.09379097503494171
INV-10201,-0.09415213316971671
INV-10086,-0.09430732829617422
INV-10121,-0.09477624759880465
INV-10018,-0.09519247616774629
INV-10444,-0.09732514823966448
INV-10043,-0.09915882855281705
INV-10143,-0.09939116528547015
INV-10165,-0.10119393253999343
INV-10016,-0.1020099378985328
INV-10204,-0.10272523454347099
INV-10038,-0.1033615351919529
INV-10098,-0.10390297577204621
INV-10001,-0.1039171458185959
INV-10230,-0.10517219134256739
INV-10145,-0.10586284176548305
INV-10023,-0.10613034392463494
INV-10015,-0.10617194819613557
INV-10205,-0.10741817311950552
INV-10114,-0.10762057669550096
INV-10297,-0.1079513384778939
INV-10203,-0.10949301995441613
INV-10240,-0.10957964941037279
INV-10223,-0.11048015531022826
INV-10055,-0.11083284231468621
INV-10221,-0.11098822789107987
INV-10125,-0.11209659445904507
INV-10317,-0.11294513682575746
INV-10069,-0.11295350764524553
INV-10161,-0.11304313147940453
INV-10170,-0.11415922514781768
INV-10436,-0.11431475131486202
INV-10364,-0.11447161760521524
INV-10268,-0.11457215159829298
INV-10328,-0.11475589242841461
INV-10295,-0.11504750243861506
INV-10249,-0.11539716358445057
INV-10241,-0.1154934241952123
INV-10062,-0.11562767963884835
INV-10425,-0.11577130180616046
INV-10171,-0.11584730991715375
INV-10318,-0.11680134758084232
INV-10130,-0.11680134758084232
INV-10392,-0.1170812415416756
INV-10284,-0.11713819680867371
INV-10174,-0.11742876456732082
INV-10196,-0.11766037737915502
INV-10004,-0.11789354898632681
INV-10102,-0.11802120380412101
INV-10184,-0.11840694116101336
INV-10118,-0.11872487324118985
INV-10403,-0.1196388497841161
INV-10292,-0.1196552429713037
INV-10320,-0.120089155734588
INV-10002,-0.1205841248060206
INV-10245,-0.12078677572756363
INV-10333,-0.12158332379399162
INV-10083,-0.1216321083386036
INV-10183,-0.12186969802896169
INV-10315,-0.12235396031979195
INV-10117,-0.12363589534969555
INV-10014,-0.12504397906339226
INV-10289,-0.12591425924444222
INV-10437,-0.1262514660092845
INV-10185,-0.12668185412405047
INV-10022,-0.1266843660717697
INV-10401,-0.1269850890444753
INV-10108,-0.1272479140291099
INV-10122,-0.1290678029395071
INV-10319,-0.1299327175028226
INV-10414,-0.13057705382689083
INV-10156,-0.1308079850956016
INV-10311,-0.13138613304002933
INV-10258,-0.1314673709922462
INV-10390,-0.13164582196401653
INV-10350,-0.13217907394298278
INV-10195,-0.13268406295393287
INV-10003,-0.13294122245303253
INV-10214,-0.13337848661592477
INV-10024,-0.13354004599218838
INV-10237,-0.1337248917420405
INV-10179,-0.13396901985551601
INV-10060,-0.13437414576079265
INV-10314,-0.1351915016148746
INV-10272,-0.13523139522715555
INV-10177,-0.13538907235663117
INV-10068,-0.1359492263146932
INV-10100,-0.13627037789450486
INV-10229,-0.13643956541296348
INV-10307,-0.13649520037341406
INV-10081,-0.13700368258668105
INV-10026,-0.13738158846840698
INV-10439,-0.13756737756972648
INV-10115,-0.13760292062026092
INV-10097,-0.1376072666642315
INV-10124,-0.13801747366769562
INV-10123,-0.13873493557277272
INV-10155,-0.13880559334425152
INV-10144,-0.13887763599280517
INV-10394,-0.13893719671278876
INV-10357,-0.13907607259090682
INV-10409,-0.1392770068714399
INV-10408,-0.13967859717637515
INV-10106,-0.13974487203454827
INV-10331,-0.13997576095255815
INV-10037,-0.14000131088220646
INV-10202,-0.1402205076694557
INV-10406,-0.14039196768700551
INV-10263,-0.1403975566079908
INV-10387,-0.14058211618761612
INV-10010,-0.14068482373064117
INV-10413,-0.1407296923734475
INV-10286,-0.14073962146189561
INV-10238,-0.1408419371317502
INV-10344,-0.1411288703602352
INV-10091,-0.14127579246787186
INV-10340,-0.1413166086701746
INV-10424,-0.1413457294049063
INV-10197,-0.1414685696288624
INV-10189,-0.1414769510061752
INV-10386,-0.1416091337140588
INV-10347,-0.14183217466685538
INV-10152,-0.14189570705888427
INV-10361,-0.1419575812561923
INV-10137,-0.14209102736554335
INV-10432,-0.1422692062134665
INV-10111,-0.14229355074202554
INV-10420,-0.14289823128126783
INV-10316,-0.1428993708147388
INV-10211,-0.1428993708147388
INV-10089,-0.14290732625076452
INV-10277,-0.14330416974125892
INV-10383,-0.14338555775828654
INV-10358,-0.1434596635226973
INV-10153,-0.14370457718915153
INV-10138,-0.14377817527975956
INV-10067,-0.1438641406381032
INV-10187,-0.14393455498888363
INV-10134,-0.14436119342532255
INV-10366,-0.14438116044506888
INV-10162,-0.14438702806149156
INV-10352,-0.14441740156575505
INV-10005,-0.1446906734028104
INV-10193,-0.144755310466542
INV-10078,-0.14497471458206784
INV-10370,-0.1451425432695858
INV-10380,-0.14516153585831093
INV-10248,-0.14534112845786518
INV-10329,-0.14539248090753482
INV-10208,-0.14544930052322042
INV-10147,-0.14558115577476755
INV-10305,-0.14558115577476755
INV-10059,-0.1455907386550338
INV-10369,-0.1455907386550338
INV-10209,-0.1455907386550338
INV-10228,-0.14561536131817782
INV-10096,-0.14582913396178715
INV-10411,-0.14582944582698032
INV-10405,-0.1459444248488453
INV-10354,-0.1459562036182952
INV-10274,-0.145962766223725
INV-10045,-0.14619269798225004
INV-10039,-0.1462271928882028
INV-10213,-0.1463420201411974
INV-10034,-0.14639767085157201
INV-10300,-0.14643462936273832
INV-10301,-0.14647893998596534
INV-10104,-0.14666876467247802
INV-10017,-0.14678965484274997
INV-10330,-0.1471206966226219
INV-10310,-0.14735601665472975
INV-10150,-0.14735601665472975
INV-10175,-0.14735601665472975
INV-10031,-0.14735601665472975
INV-10412,-0.14762258873534018
INV-10025,-0.1477105780606916
INV-10433,-0.14774918357017203
INV-10417,-0.14774918357017203
INV-10388,-0.14788018350918375
INV-10393,-0.147911158726433
INV-10349,-0.1480841122774999
INV-10141,-0.148210381061397
INV-10044,-0.1482675621236566
INV-10207,-0.14835485820222816
INV-10239,-0.14853790092057179
INV-10337,-0.14860372895743273
INV-10368,-0.14860372895743273
INV-10074,-0.14877173734005578
INV-10385,-0.14879966453707688
INV-10426,-0.14885028619869772
INV-10288,-0.14889706390580232
INV-10126,-0.14903861893943166
INV-10389,-0.1490545373081154
INV-10066,-0.1491269908911721
INV-10090,-0.14939240722935782
INV-10391,-0.1494240000524329
INV-10073,-0.14944076056183242
INV-10287,-0.14949664123030648
INV-10235,-0.14960936595785979
INV-10049,-0.14970993892536866
INV-10376,-0.1498634931212599
INV-10072,-0.14993343136467752
INV-10053,-0.150050934941449
INV-10042,-0.15012283019692585
INV-10047,-0.15038424853722976
INV-10151,-0.15040177716159014
INV-10057,-0.15053603580962044
INV-10280,-0.15080855130270798
INV-10101,-0.1508517748603998
INV-10404,-0.15089798546057853
INV-10265,-0.15107289013355607
INV-10176,-0.15131626616358063
INV-10132,-0.1516209875384153
INV-10027,-0.15228716663920605
INV-10382,-0.15228716663920605
INV-10422,-0.15253337405776268
INV-10035,-0.15301489332386814
INV-10071,-0.15328856665204876
INV-10335,-0.15328856665204876
INV-10227,-0.15335635400513975
INV-10400,-0.15357256865437346
INV-10324,-0.1537737229389527
INV-10070,-0.15391951729950815
INV-10200,-0.15439344758759038
INV-10303,-0.15443075874473788
INV-10076,-0.1545151703898881
INV-10423,-0.15497792087624934
INV-10421,-0.15498188056837908
INV-10375,-0.15518372484657028
INV-10050,-0.1554014222189169
INV-10397,-0.15548477329638843
INV-10168,-0.15580743887193332
INV-10198,-0.15587003208537703
INV-10109,-0.15606956434710018
INV-10343,-0.15606956434710018
INV-10136,-0.1563775529657821
INV-10181,-0.1566266023058609
INV-10427,-0.15682357939194158
INV-10431,-0.15690215867591667
INV-10326,-0.15696612519797642
INV-10079,-0.15700331394756223
INV-10273,-0.15714356055360262
INV-10250,-0.1571732797442641
INV-10224,-0.1571732797442641
INV-10180,-0.15719576996293766
INV-10169,-0.15719801929280147
INV-10278,-0.15752198988620442
INV-10325,-0.15752819432402604
INV-10007,-0.157594821452122
INV-10243,-0.1575995845381878
INV-10342,-0.1578009062289405
INV-10215,-0.1578778744571409
INV-10186,-0.15788433811019037
INV-10154,-0.1578989308566474
INV-10359,-0.15790291168366172
INV-10061,-0.15790291168366172
INV-10336,-0.1579804200308506
INV-10264,-0.15810618168551988
INV-10011,-0.15810887716599797
INV-10381,-0.15836230885924857
INV-10212,-0.15844803324005008
INV-10257,-0.15845254746838605
INV-10304,-0.15847145655361616
INV-10157,-0.15849879293005625
INV-10259,-0.15873102930539834
INV-10253,-0.15876148597863393
INV-10095,-0.15876148597863393
INV-10346,-0.15901173112730016
INV-10199,-0.15910127892871823
INV-10080,-0.1591258772368327
INV-10282,-0.15918027171377097
INV-10351,-0.15919794049195635
INV-10353,-0.15923717157330786
INV-10419,-0.15923717157330786
INV-10266,-0.15929592298404804
INV-10217,-0.15949740153437292
INV-10362,-0.15949740153437292
INV-10013,-0.15949740153437292
INV-10367,-0.15949740153437292
INV-10234,-0.15949740153437292
INV-10396,-0.15950062456766012
INV-10312,-0.15962665767157697
INV-10094,-0.15976696566805942
INV-10178,-0.1597699561072069
INV-10302,-0.15979530338140385
INV-10006,-0.15981785601834958
INV-10110,-0.1599342920763981
INV-10046,-0.1600038826142816
INV-10040,-0.16015292639726153
INV-10149,-0.16015292639726153
INV-10191,-0.16035219508737097
INV-10290,-0.1603730054688558
INV-10252,-0.16038032773968242
INV-10373,-0.16044684183268265
INV-10355,-0.16047875002032885
INV-10332,-0.16053213222850182
INV-10440,-0.16053213222850182
INV-10082,-0.16053639423174604
INV-10172,-0.1605455454054064
INV-10270,-0.16055329153595504
INV-10054,-0.16059789098936755
INV-10107,-0.16069093294982245
INV-10116,-0.16070784583186642
INV-10244,-0.16071165597023163
INV-10285,-0.16071165597023163
INV-10256,-0.1607506793779303
INV-10293,-0.16077032039806544
INV-10188,-0.16079227683164965
INV-10119,-0.16079227683164965
INV-10276,-0.16079612808605181
INV-10275,-0.16097879901948492
INV-10246,-0.16112368565505125
INV-10041,-0.1613101375674435
INV-10099,-0.1613101375674435
INV-10372,-0.1614208369205979
